locality,bhk,price_lakhs,area_sqft,furnishing_status,facing,status,floor,parking,bathroom,city
Nalasopara,2,41.12,1066.0,Furnished,East,Ready to Move,26,2,2,Mumbai
Goregaon West,3,139.05,943.0,Unfurnished,West,Ready to Move,2,1,2,Mumbai
Panvel,1,21.15,734.0,Furnished,East,Ready to Move,27,2,2,Mumbai
Lower Parel,2,251.79,1192.0,Furnished,North,Ready to Move,19,2,3,Mumbai
Malad West,3,85.37,1462.0,Semi-Furnished,West,Under Construction,9,1,3,Mumbai
Andheri East,2,90.75,1042.0,Furnished,South,Ready to Move,3,1,1,Mumbai
Mira Road,1,31.9,659.0,Semi-Furnished,West,Under Construction,4,1,3,Mumbai
Thane East,5,150.72,1525.0,Semi-Furnished,North,Under Construction,15,1,3,Mumbai
Dahisar,2,55.05,836.0,Furnished,South,Under Construction,25,0,1,Mumbai
Kurla,1,26.53,698.0,Furnished,South,Under Construction,24,2,2,Mumbai
Thane West,3,127.24,1351.0,Furnished,West,Ready to Move,26,0,3,Mumbai
Kandivali West,4,182.54,1265.0,Unfurnished,North,Under Construction,24,0,2,Mumbai
Dahisar,3,119.21,1157.0,Furnished,North,Under Construction,3,0,3,Mumbai
Parel,3,454.23,1171.0,Furnished,North,Ready to Move,26,1,3,Mumbai
Powai,2,100.84,1018.0,Furnished,South,Under Construction,5,2,3,Mumbai
Mulund West,2,125.77,999.0,Unfurnished,West,Under Construction,2,1,3,Mumbai
Borivali East,2,89.09,970.0,Semi-Furnished,North,Under Construction,25,2,1,Mumbai
Andheri West,4,315.45,1000.0,Furnished,East,Ready to Move,7,1,2,Mumbai
Malad West,2,103.78,835.0,Unfurnished,North,Under Construction,24,0,3,Mumbai
Goregaon East,3,146.65,1046.0,Furnished,South,Ready to Move,27,0,2,Mumbai
Andheri East,3,101.5,1074.0,Furnished,North,Under Construction,2,0,3,Mumbai
Parel,3,290.8,1287.0,Unfurnished,South,Ready to Move,17,2,3,Mumbai
Kalyan,3,53.1,1381.0,Furnished,East,Under Construction,27,1,3,Mumbai
Bandra West,2,281.49,810.0,Semi-Furnished,North,Ready to Move,19,2,3,Mumbai
Dombivli,3,56.88,1459.0,Furnished,North,Under Construction,25,0,2,Mumbai
Nerul,5,159.98,1777.0,Semi-Furnished,South,Ready to Move,20,0,2,Mumbai
Andheri West,2,188.05,1017.0,Furnished,East,Ready to Move,19,2,3,Mumbai
Vashi,3,170.57,1267.0,Unfurnished,East,Under Construction,4,1,3,Mumbai
Ulhasnagar,4,63.85,1004.0,Semi-Furnished,West,Under Construction,22,2,3,Mumbai
Mira Road,1,16.43,723.0,Unfurnished,North,Ready to Move,1,2,2,Mumbai
Airoli,3,78.78,1233.0,Semi-Furnished,East,Ready to Move,22,2,2,Mumbai
Kalyan,2,38.79,988.0,Furnished,East,Under Construction,29,2,3,Mumbai
Ulhasnagar,1,8.52,898.0,Semi-Furnished,East,Under Construction,21,1,2,Mumbai
Vasai,3,44.88,1209.0,Unfurnished,North,Under Construction,1,2,3,Mumbai
Panvel,3,60.93,1165.0,Semi-Furnished,East,Under Construction,22,1,2,Mumbai
Dahisar,3,69.36,1286.0,Unfurnished,West,Ready to Move,27,1,2,Mumbai
Parel,1,159.41,598.0,Semi-Furnished,South,Ready to Move,29,1,2,Mumbai
Ulhasnagar,1,18.4,870.0,Semi-Furnished,North,Ready to Move,4,0,3,Mumbai
Andheri West,3,246.35,1367.0,Unfurnished,North,Ready to Move,28,1,2,Mumbai
Ghatkopar East,3,151.59,1063.0,Semi-Furnished,North,Under Construction,29,1,2,Mumbai
Airoli,1,20.93,838.0,Semi-Furnished,North,Under Construction,5,0,3,Mumbai
Borivali West,3,79.3,884.0,Semi-Furnished,North,Ready to Move,23,0,2,Mumbai
Chembur,2,132.39,835.0,Semi-Furnished,North,Under Construction,5,1,3,Mumbai
Nerul,4,181.37,1047.0,Semi-Furnished,East,Ready to Move,2,1,1,Mumbai
Dahisar,2,67.28,958.0,Unfurnished,East,Under Construction,29,2,2,Mumbai
Goregaon East,5,214.75,1870.0,Furnished,East,Under Construction,28,0,1,Mumbai
Chembur,2,79.08,709.0,Semi-Furnished,South,Ready to Move,7,0,3,Mumbai
Nerul,5,215.46,1753.0,Semi-Furnished,South,Ready to Move,10,1,2,Mumbai
Ghatkopar East,1,45.69,789.0,Unfurnished,West,Ready to Move,28,2,3,Mumbai
Vashi,1,49.21,595.0,Furnished,North,Ready to Move,5,2,1,Mumbai
Dombivli,3,84.89,977.0,Furnished,South,Ready to Move,14,1,3,Mumbai
Ulhasnagar,3,26.56,1057.0,Semi-Furnished,West,Under Construction,2,2,1,Mumbai
Kandivali West,2,95.65,874.0,Unfurnished,East,Under Construction,4,0,3,Mumbai
Mira Road,5,130.82,1690.0,Unfurnished,East,Ready to Move,16,1,1,Mumbai
Nalasopara,3,58.15,1215.0,Furnished,North,Ready to Move,23,0,2,Mumbai
Chembur,1,54.98,724.0,Furnished,West,Ready to Move,27,2,1,Mumbai
Mira Road,4,145.33,1284.0,Semi-Furnished,North,Under Construction,20,2,2,Mumbai
Mulund East,2,54.14,1001.0,Unfurnished,East,Under Construction,21,2,1,Mumbai
Nalasopara,2,28.29,729.0,Unfurnished,West,Ready to Move,3,2,3,Mumbai
Goregaon West,1,73.65,791.0,Semi-Furnished,South,Ready to Move,29,1,3,Mumbai
Dahisar,5,138.59,1997.0,Semi-Furnished,East,Ready to Move,5,1,2,Mumbai
Kandivali East,1,46.65,633.0,Unfurnished,East,Ready to Move,4,1,3,Mumbai
Ghatkopar West,2,122.17,979.0,Unfurnished,West,Under Construction,19,2,2,Mumbai
Powai,1,84.09,570.0,Furnished,North,Ready to Move,7,0,2,Mumbai
Powai,4,307.46,1229.0,Furnished,West,Ready to Move,6,1,3,Mumbai
Ghatkopar East,2,55.17,1162.0,Furnished,South,Ready to Move,19,0,2,Mumbai
Vikhroli,1,43.45,755.0,Unfurnished,East,Ready to Move,12,1,3,Mumbai
Vashi,2,76.53,794.0,Semi-Furnished,South,Under Construction,28,1,3,Mumbai
Lower Parel,2,393.85,1193.0,Semi-Furnished,North,Ready to Move,9,0,3,Mumbai
Kharghar,2,80.42,1175.0,Furnished,North,Ready to Move,2,1,2,Mumbai
Borivali West,3,107.16,1355.0,Semi-Furnished,South,Ready to Move,17,2,3,Mumbai
Parel,4,687.6,1674.0,Furnished,East,Under Construction,9,2,1,Mumbai
Panvel,3,102.96,1378.0,Unfurnished,East,Under Construction,3,0,3,Mumbai
Vasai,5,113.72,1385.0,Semi-Furnished,East,Under Construction,1,2,3,Mumbai
Powai,2,131.21,1036.0,Semi-Furnished,South,Ready to Move,8,2,2,Mumbai
Kalyan,3,71.37,1188.0,Furnished,West,Under Construction,5,1,2,Mumbai
Thane West,3,129.43,1253.0,Semi-Furnished,North,Ready to Move,7,1,3,Mumbai
Kalyan,3,63.34,1264.0,Unfurnished,North,Ready to Move,2,0,1,Mumbai
Vashi,3,142.12,1303.0,Furnished,South,Under Construction,24,0,2,Mumbai
Thane West,2,69.71,1190.0,Furnished,West,Ready to Move,11,2,2,Mumbai
Nerul,3,126.38,1110.0,Furnished,North,Under Construction,3,2,3,Mumbai
Ghatkopar East,1,47.97,628.0,Furnished,East,Under Construction,28,1,3,Mumbai
Airoli,2,67.44,967.0,Semi-Furnished,West,Under Construction,17,1,2,Mumbai
Worli,4,546.45,1385.0,Semi-Furnished,North,Under Construction,11,2,3,Mumbai
Thane West,5,231.56,1230.0,Unfurnished,East,Under Construction,15,2,2,Mumbai
Lower Parel,3,431.26,1318.0,Semi-Furnished,West,Ready to Move,24,2,2,Mumbai
Nerul,1,37.87,736.0,Unfurnished,South,Ready to Move,23,0,3,Mumbai
Malad East,3,101.95,987.0,Semi-Furnished,West,Under Construction,25,0,3,Mumbai
Kharghar,4,145.34,1631.0,Furnished,West,Ready to Move,4,2,2,Mumbai
Kandivali East,3,102.26,933.0,Furnished,East,Under Construction,20,1,2,Mumbai
Borivali East,2,91.35,704.0,Furnished,West,Under Construction,23,1,2,Mumbai
Chembur,3,211.68,902.0,Unfurnished,North,Under Construction,5,2,2,Mumbai
Kharghar,2,36.29,1188.0,Semi-Furnished,South,Under Construction,19,1,1,Mumbai
Andheri East,3,175.36,1395.0,Furnished,West,Under Construction,22,2,3,Mumbai
Dombivli,2,32.73,757.0,Semi-Furnished,West,Under Construction,6,0,2,Mumbai
Mira Road,2,34.49,868.0,Semi-Furnished,East,Ready to Move,10,1,3,Mumbai
Dahisar,1,20.15,599.0,Furnished,East,Ready to Move,11,2,2,Mumbai
Chembur,1,68.58,811.0,Semi-Furnished,West,Ready to Move,24,2,1,Mumbai
Kalyan,2,24.57,1071.0,Semi-Furnished,South,Under Construction,29,2,1,Mumbai
Vasai,2,24.93,1107.0,Unfurnished,West,Under Construction,4,0,3,Mumbai
Dadar,1,133.49,704.0,Semi-Furnished,South,Ready to Move,29,1,1,Mumbai
Nerul,1,31.2,865.0,Unfurnished,West,Under Construction,21,2,2,Mumbai
Borivali East,3,87.46,1325.0,Semi-Furnished,South,Under Construction,15,2,3,Mumbai
Dombivli,2,50.69,987.0,Furnished,West,Ready to Move,1,0,3,Mumbai
Worli,3,437.29,983.0,Semi-Furnished,West,Ready to Move,27,1,1,Mumbai
Virar,2,29.25,1002.0,Unfurnished,East,Under Construction,5,0,3,Mumbai
Goregaon East,1,28.51,759.0,Semi-Furnished,North,Ready to Move,5,2,2,Mumbai
Dahisar,3,70.71,1125.0,Semi-Furnished,West,Ready to Move,12,1,3,Mumbai
Dahisar,1,32.98,556.0,Unfurnished,South,Under Construction,4,0,3,Mumbai
Kandivali East,5,217.97,1506.0,Furnished,West,Ready to Move,29,1,1,Mumbai
Airoli,3,69.21,1003.0,Semi-Furnished,West,Under Construction,22,2,1,Mumbai
Andheri West,3,213.39,1234.0,Furnished,North,Ready to Move,21,0,2,Mumbai
Parel,4,335.08,1332.0,Semi-Furnished,North,Under Construction,2,2,2,Mumbai
Worli,1,285.32,755.0,Unfurnished,South,Ready to Move,19,1,1,Mumbai
Kandivali West,2,78.39,1157.0,Furnished,East,Ready to Move,11,1,2,Mumbai
Lower Parel,1,159.62,612.0,Furnished,East,Under Construction,22,1,3,Mumbai
Dahisar,1,25.34,658.0,Semi-Furnished,North,Ready to Move,27,2,3,Mumbai
Kurla,3,137.92,1041.0,Unfurnished,North,Under Construction,2,1,3,Mumbai
Chembur,3,194.73,917.0,Furnished,North,Ready to Move,3,1,2,Mumbai
Navi Mumbai,1,34.31,559.0,Semi-Furnished,North,Ready to Move,8,0,1,Mumbai
Bandra West,3,373.54,1179.0,Semi-Furnished,East,Ready to Move,5,2,2,Mumbai
Dombivli,3,41.37,1008.0,Semi-Furnished,South,Under Construction,14,2,3,Mumbai
Vasai,3,39.22,1041.0,Semi-Furnished,North,Under Construction,7,0,3,Mumbai
Navi Mumbai,2,80.81,911.0,Semi-Furnished,East,Ready to Move,5,2,2,Mumbai
Andheri East,2,129.52,834.0,Furnished,East,Under Construction,9,1,3,Mumbai
Ulhasnagar,2,39.39,1090.0,Furnished,West,Under Construction,24,2,1,Mumbai
Thane West,4,148.66,1507.0,Unfurnished,East,Under Construction,22,2,3,Mumbai
Parel,5,823.79,1807.0,Furnished,North,Under Construction,18,0,2,Mumbai
Mira Road,4,90.31,1443.0,Furnished,West,Under Construction,12,2,3,Mumbai
Airoli,2,53.18,833.0,Unfurnished,South,Under Construction,12,0,1,Mumbai
Kandivali West,5,274.02,1548.0,Semi-Furnished,West,Under Construction,2,1,2,Mumbai
Andheri West,2,90.84,1085.0,Furnished,East,Ready to Move,8,2,3,Mumbai
Nalasopara,3,45.47,1159.0,Unfurnished,South,Under Construction,22,0,1,Mumbai
Mira Road,2,39.78,1121.0,Furnished,West,Ready to Move,13,2,2,Mumbai
Malad West,5,221.81,1477.0,Furnished,East,Ready to Move,29,2,2,Mumbai
Dadar,3,200.5,901.0,Unfurnished,West,Under Construction,2,2,3,Mumbai
Thane West,5,206.68,1645.0,Semi-Furnished,South,Under Construction,19,2,3,Mumbai
Thane West,3,126.82,1264.0,Furnished,West,Ready to Move,12,2,2,Mumbai
Parel,4,676.95,1032.0,Semi-Furnished,South,Ready to Move,17,2,2,Mumbai
Panvel,3,106.54,872.0,Furnished,North,Ready to Move,19,1,2,Mumbai
Nerul,1,47.1,569.0,Unfurnished,West,Ready to Move,10,2,1,Mumbai
Vikhroli,3,93.39,928.0,Semi-Furnished,North,Ready to Move,11,1,3,Mumbai
Nalasopara,3,44.34,1364.0,Furnished,East,Under Construction,1,0,2,Mumbai
Andheri East,3,172.91,1494.0,Unfurnished,North,Ready to Move,13,1,2,Mumbai
Nalasopara,2,15.88,744.0,Semi-Furnished,East,Under Construction,25,2,1,Mumbai
Malad East,4,137.71,1418.0,Furnished,West,Ready to Move,3,0,2,Mumbai
Bandra East,1,78.1,565.0,Furnished,East,Under Construction,15,0,1,Mumbai
Vashi,2,72.15,1175.0,Furnished,East,Ready to Move,28,1,2,Mumbai
Powai,1,60.86,897.0,Unfurnished,South,Under Construction,29,2,3,Mumbai
Malad East,1,35.91,563.0,Semi-Furnished,North,Under Construction,6,0,3,Mumbai
Nerul,1,40.07,759.0,Furnished,East,Ready to Move,10,2,2,Mumbai
Thane East,1,22.16,836.0,Semi-Furnished,East,Under Construction,29,2,1,Mumbai
Malad West,2,96.03,746.0,Furnished,South,Ready to Move,27,0,1,Mumbai
Bandra West,4,826.1,1028.0,Unfurnished,South,Ready to Move,5,2,2,Mumbai
Kalyan,3,45.95,853.0,Unfurnished,East,Under Construction,26,1,3,Mumbai
Powai,2,248.69,731.0,Furnished,South,Under Construction,29,2,2,Mumbai
Bandra West,3,548.29,1203.0,Furnished,East,Ready to Move,6,2,3,Mumbai
Dombivli,4,72.05,1191.0,Furnished,West,Under Construction,27,1,3,Mumbai
Kandivali West,2,107.49,1136.0,Unfurnished,North,Ready to Move,10,1,2,Mumbai
Chembur,3,116.74,1382.0,Semi-Furnished,East,Ready to Move,12,2,2,Mumbai
Ghatkopar East,1,46.43,591.0,Semi-Furnished,South,Under Construction,24,0,2,Mumbai
Borivali East,2,81.86,971.0,Semi-Furnished,North,Under Construction,28,2,3,Mumbai
Kurla,3,173.6,1297.0,Semi-Furnished,South,Ready to Move,17,1,1,Mumbai
Malad East,3,104.17,1254.0,Unfurnished,West,Under Construction,14,2,3,Mumbai
Goregaon East,2,110.4,997.0,Unfurnished,East,Ready to Move,1,1,2,Mumbai
Goregaon West,5,160.22,1301.0,Semi-Furnished,East,Under Construction,17,2,3,Mumbai
Nalasopara,3,56.41,1044.0,Semi-Furnished,North,Under Construction,20,1,2,Mumbai
Worli,2,582.31,776.0,Furnished,East,Ready to Move,16,0,2,Mumbai
Kharghar,3,115.57,1137.0,Unfurnished,East,Under Construction,28,1,2,Mumbai
Ulhasnagar,1,15.82,679.0,Unfurnished,South,Under Construction,27,1,1,Mumbai
Thane West,2,52.6,927.0,Semi-Furnished,South,Ready to Move,3,0,3,Mumbai
Vashi,5,254.08,1907.0,Furnished,West,Under Construction,7,0,3,Mumbai
Kharghar,2,66.15,813.0,Unfurnished,West,Under Construction,21,0,2,Mumbai
Vashi,3,118.45,1146.0,Furnished,West,Under Construction,18,1,2,Mumbai
Dadar,1,145.74,868.0,Unfurnished,West,Ready to Move,24,0,1,Mumbai
Goregaon East,4,207.91,1015.0,Semi-Furnished,West,Under Construction,20,0,2,Mumbai
Dahisar,1,26.0,731.0,Furnished,East,Ready to Move,1,0,3,Mumbai
Parel,3,315.53,1485.0,Semi-Furnished,West,Under Construction,18,2,2,Mumbai
Dahisar,2,79.91,997.0,Furnished,North,Ready to Move,9,1,3,Mumbai
Kandivali East,3,125.98,1371.0,Semi-Furnished,North,Ready to Move,7,2,3,Mumbai
Mulund East,2,88.03,1092.0,Unfurnished,North,Ready to Move,9,1,2,Mumbai
Thane East,3,102.06,1273.0,Furnished,East,Ready to Move,26,2,3,Mumbai
Kandivali East,3,102.43,878.0,Semi-Furnished,West,Under Construction,19,1,3,Mumbai
Ghatkopar East,3,184.74,1273.0,Semi-Furnished,North,Ready to Move,29,0,1,Mumbai
Kandivali West,1,53.35,805.0,Furnished,South,Under Construction,5,1,3,Mumbai
Vashi,1,60.08,753.0,Semi-Furnished,East,Under Construction,4,1,2,Mumbai
Mira Road,3,95.16,1495.0,Semi-Furnished,West,Ready to Move,12,2,3,Mumbai
Thane East,3,121.72,1003.0,Semi-Furnished,South,Under Construction,16,1,2,Mumbai
Vikhroli,1,29.61,849.0,Furnished,East,Under Construction,22,0,1,Mumbai
Kharghar,1,20.57,778.0,Furnished,East,Under Construction,2,2,3,Mumbai
Borivali West,1,46.04,596.0,Furnished,North,Ready to Move,11,1,2,Mumbai
Vikhroli,5,189.56,1786.0,Furnished,East,Ready to Move,20,2,3,Mumbai
Andheri West,4,200.09,1134.0,Furnished,North,Ready to Move,15,0,3,Mumbai
Vasai,1,22.66,832.0,Unfurnished,North,Under Construction,12,2,3,Mumbai
Kharghar,1,44.64,593.0,Furnished,South,Under Construction,29,0,2,Mumbai
Borivali East,2,91.36,858.0,Furnished,North,Under Construction,12,1,3,Mumbai
Vashi,1,39.96,891.0,Unfurnished,North,Under Construction,15,2,2,Mumbai
Nerul,3,84.99,869.0,Furnished,South,Under Construction,18,1,3,Mumbai
Kandivali East,1,27.27,806.0,Furnished,South,Under Construction,5,2,2,Mumbai
Andheri West,3,296.15,1093.0,Semi-Furnished,West,Under Construction,17,1,1,Mumbai
Goregaon East,3,184.23,1447.0,Furnished,North,Ready to Move,16,1,3,Mumbai
Borivali West,4,108.15,1526.0,Semi-Furnished,South,Under Construction,9,0,1,Mumbai
Dadar,4,272.57,1231.0,Unfurnished,South,Under Construction,29,1,3,Mumbai
Virar,2,39.43,1081.0,Furnished,North,Ready to Move,13,2,1,Mumbai
Vashi,3,156.05,1063.0,Furnished,South,Under Construction,7,2,3,Mumbai
Navi Mumbai,4,163.51,1437.0,Unfurnished,South,Under Construction,26,2,2,Mumbai
Kandivali East,5,216.31,1625.0,Furnished,West,Under Construction,16,1,3,Mumbai
Kurla,5,148.52,1292.0,Furnished,North,Under Construction,4,2,2,Mumbai
Nerul,3,141.46,1315.0,Unfurnished,East,Ready to Move,23,2,3,Mumbai
Mulund West,4,208.89,1304.0,Furnished,East,Under Construction,19,1,3,Mumbai
Bandra East,2,164.16,854.0,Unfurnished,South,Ready to Move,8,1,3,Mumbai
Chembur,1,49.2,892.0,Semi-Furnished,East,Under Construction,11,2,3,Mumbai
Malad East,3,120.84,1311.0,Furnished,West,Ready to Move,10,1,1,Mumbai
Powai,3,291.37,1185.0,Furnished,West,Ready to Move,15,1,2,Mumbai
Kandivali East,3,95.69,1004.0,Furnished,South,Under Construction,24,2,3,Mumbai
Nalasopara,5,92.87,1878.0,Semi-Furnished,East,Ready to Move,18,0,1,Mumbai
Ulhasnagar,1,13.67,737.0,Semi-Furnished,South,Ready to Move,15,2,3,Mumbai
Kandivali West,5,170.46,1750.0,Furnished,West,Ready to Move,2,2,3,Mumbai
Thane East,2,59.91,923.0,Furnished,East,Ready to Move,7,1,2,Mumbai
Bandra East,5,430.68,2010.0,Furnished,West,Under Construction,8,0,1,Mumbai
Mira Road,2,51.26,883.0,Semi-Furnished,East,Ready to Move,4,0,1,Mumbai
Andheri East,2,71.76,1020.0,Semi-Furnished,South,Under Construction,3,1,3,Mumbai
Bandra West,3,551.06,1496.0,Semi-Furnished,West,Ready to Move,3,1,3,Mumbai
Kandivali East,3,113.23,1472.0,Furnished,East,Ready to Move,15,0,2,Mumbai
Chembur,4,269.35,1001.0,Unfurnished,South,Under Construction,13,2,3,Mumbai
Dahisar,3,126.95,1453.0,Furnished,East,Under Construction,21,1,2,Mumbai
Kandivali East,3,138.63,1246.0,Semi-Furnished,South,Under Construction,29,1,3,Mumbai
Dombivli,3,50.21,1084.0,Furnished,West,Ready to Move,25,0,1,Mumbai
Goregaon West,2,98.14,924.0,Semi-Furnished,North,Under Construction,3,1,2,Mumbai
Mulund West,3,146.89,1104.0,Unfurnished,East,Under Construction,6,1,3,Mumbai
Ulhasnagar,3,43.17,1319.0,Unfurnished,South,Ready to Move,20,1,1,Mumbai
Mulund West,2,57.69,777.0,Unfurnished,West,Under Construction,20,1,2,Mumbai
Dadar,1,71.93,852.0,Unfurnished,West,Ready to Move,14,1,3,Mumbai
Bandra West,2,299.67,773.0,Furnished,West,Under Construction,21,1,3,Mumbai
Dadar,2,134.39,1088.0,Furnished,North,Under Construction,20,1,3,Mumbai
Borivali East,1,37.88,603.0,Unfurnished,East,Ready to Move,2,1,1,Mumbai
Andheri East,1,35.21,793.0,Furnished,North,Ready to Move,9,2,3,Mumbai
Malad West,2,68.27,1046.0,Furnished,South,Under Construction,7,0,3,Mumbai
Nalasopara,2,19.28,1028.0,Semi-Furnished,North,Under Construction,5,2,3,Mumbai
Ulhasnagar,3,42.92,1163.0,Unfurnished,East,Ready to Move,22,0,2,Mumbai
Worli,2,246.91,830.0,Semi-Furnished,North,Under Construction,24,2,3,Mumbai
Andheri West,2,180.12,1015.0,Furnished,West,Ready to Move,13,0,2,Mumbai
Goregaon West,2,136.61,749.0,Semi-Furnished,West,Under Construction,2,1,2,Mumbai
Kurla,2,110.45,896.0,Semi-Furnished,East,Ready to Move,9,0,1,Mumbai
Andheri West,1,66.26,639.0,Semi-Furnished,West,Under Construction,28,0,3,Mumbai
Goregaon West,3,181.06,1432.0,Furnished,North,Ready to Move,28,2,3,Mumbai
Navi Mumbai,2,91.62,956.0,Furnished,South,Ready to Move,8,0,2,Mumbai
Andheri West,2,88.55,706.0,Furnished,South,Ready to Move,8,1,3,Mumbai
Goregaon West,2,130.62,1031.0,Unfurnished,North,Under Construction,5,0,2,Mumbai
Virar,1,12.28,819.0,Furnished,East,Under Construction,15,1,2,Mumbai
Mira Road,2,69.18,1022.0,Semi-Furnished,North,Under Construction,18,1,3,Mumbai
Mira Road,3,56.2,1166.0,Unfurnished,South,Under Construction,28,1,2,Mumbai
Malad East,1,52.77,629.0,Furnished,South,Ready to Move,14,1,1,Mumbai
Airoli,2,52.03,761.0,Unfurnished,West,Ready to Move,24,0,2,Mumbai
Ghatkopar East,3,174.28,1018.0,Unfurnished,West,Ready to Move,13,1,3,Mumbai
Kandivali East,3,112.86,967.0,Unfurnished,South,Under Construction,22,2,1,Mumbai
Airoli,1,22.7,790.0,Unfurnished,West,Ready to Move,15,2,3,Mumbai
Powai,3,269.26,1234.0,Unfurnished,North,Under Construction,19,2,3,Mumbai
Chembur,3,170.46,1420.0,Furnished,North,Under Construction,10,1,1,Mumbai
Borivali West,2,104.53,750.0,Semi-Furnished,West,Ready to Move,25,1,3,Mumbai
Nalasopara,1,12.19,824.0,Semi-Furnished,West,Under Construction,26,1,3,Mumbai
Thane West,4,195.3,1294.0,Unfurnished,South,Ready to Move,23,1,2,Mumbai
Vasai,5,77.62,1576.0,Semi-Furnished,South,Under Construction,3,1,3,Mumbai
Virar,2,16.05,789.0,Semi-Furnished,West,Under Construction,4,0,3,Mumbai
Kharghar,1,33.88,718.0,Semi-Furnished,North,Under Construction,5,1,3,Mumbai
Bandra East,3,320.31,1290.0,Semi-Furnished,North,Ready to Move,28,2,1,Mumbai
Navi Mumbai,3,133.02,1335.0,Semi-Furnished,West,Ready to Move,4,2,3,Mumbai
Mira Road,3,100.96,1003.0,Unfurnished,South,Ready to Move,27,2,2,Mumbai
Dombivli,1,23.48,724.0,Unfurnished,North,Ready to Move,6,2,3,Mumbai
Goregaon West,3,169.77,1232.0,Furnished,South,Ready to Move,10,1,2,Mumbai
Powai,1,93.11,755.0,Semi-Furnished,East,Ready to Move,13,2,3,Mumbai
Navi Mumbai,5,249.23,1364.0,Furnished,East,Under Construction,5,0,3,Mumbai
Malad East,2,91.77,1016.0,Semi-Furnished,North,Ready to Move,18,2,1,Mumbai
Vashi,4,113.04,1046.0,Semi-Furnished,South,Under Construction,28,0,3,Mumbai
Vashi,4,253.58,1055.0,Semi-Furnished,West,Under Construction,28,2,2,Mumbai
Lower Parel,3,590.94,1091.0,Unfurnished,West,Ready to Move,13,1,3,Mumbai
Malad West,2,58.32,731.0,Semi-Furnished,North,Ready to Move,21,1,1,Mumbai
Worli,3,406.67,1004.0,Unfurnished,South,Under Construction,15,2,3,Mumbai
Parel,3,296.39,1325.0,Semi-Furnished,East,Under Construction,5,2,2,Mumbai
Vasai,3,45.22,1051.0,Furnished,South,Under Construction,25,0,1,Mumbai
Dombivli,1,24.96,696.0,Furnished,North,Under Construction,23,0,1,Mumbai
Vashi,1,42.95,740.0,Unfurnished,West,Ready to Move,17,1,2,Mumbai
Andheri West,5,249.73,2048.0,Furnished,West,Under Construction,2,2,3,Mumbai
Nalasopara,3,33.85,1362.0,Semi-Furnished,South,Ready to Move,10,2,2,Mumbai
Ghatkopar East,3,173.5,1204.0,Semi-Furnished,South,Under Construction,15,0,3,Mumbai
Lower Parel,4,588.89,1601.0,Furnished,North,Under Construction,25,1,2,Mumbai
Kandivali East,1,32.94,829.0,Unfurnished,South,Ready to Move,25,2,2,Mumbai
Navi Mumbai,2,107.51,802.0,Semi-Furnished,South,Under Construction,28,0,3,Mumbai
Vasai,2,29.37,1021.0,Unfurnished,South,Under Construction,8,1,2,Mumbai
Kharghar,3,118.25,1056.0,Unfurnished,East,Ready to Move,27,1,2,Mumbai
Dahisar,3,64.34,981.0,Furnished,South,Under Construction,16,2,3,Mumbai
Bandra East,3,405.0,1407.0,Furnished,South,Ready to Move,14,2,1,Mumbai
Panvel,1,17.9,859.0,Unfurnished,North,Ready to Move,27,0,1,Mumbai
Bandra West,1,103.67,838.0,Semi-Furnished,West,Under Construction,5,2,3,Mumbai
Lower Parel,4,713.15,1433.0,Unfurnished,South,Under Construction,25,2,2,Mumbai
Malad West,2,73.55,1110.0,Semi-Furnished,West,Under Construction,21,1,1,Mumbai
Panvel,2,34.67,874.0,Unfurnished,West,Under Construction,11,0,1,Mumbai
Borivali West,2,49.77,1070.0,Semi-Furnished,West,Ready to Move,8,2,1,Mumbai
Kharghar,1,40.6,648.0,Unfurnished,North,Under Construction,26,0,3,Mumbai
Ulhasnagar,4,46.59,1523.0,Semi-Furnished,South,Under Construction,17,2,1,Mumbai
Ulhasnagar,1,15.81,856.0,Unfurnished,North,Ready to Move,27,1,3,Mumbai
Kandivali East,2,67.11,1101.0,Unfurnished,South,Ready to Move,25,1,2,Mumbai
Virar,3,29.54,1310.0,Semi-Furnished,North,Ready to Move,10,2,1,Mumbai
Lower Parel,2,395.63,1011.0,Furnished,North,Under Construction,23,0,3,Mumbai
Navi Mumbai,2,47.88,1052.0,Furnished,South,Under Construction,17,1,1,Mumbai
Dombivli,3,51.33,1386.0,Furnished,North,Ready to Move,27,1,1,Mumbai
Bandra East,2,255.97,1139.0,Furnished,West,Under Construction,9,2,3,Mumbai
Chembur,2,87.03,1095.0,Furnished,North,Ready to Move,5,0,2,Mumbai
Dombivli,2,27.38,1155.0,Unfurnished,East,Under Construction,24,0,3,Mumbai
Nerul,3,101.48,1132.0,Unfurnished,North,Ready to Move,19,1,3,Mumbai
Kurla,3,139.92,1260.0,Furnished,East,Ready to Move,4,2,3,Mumbai
Lower Parel,2,252.28,944.0,Semi-Furnished,South,Under Construction,24,1,2,Mumbai
Andheri West,3,234.14,896.0,Furnished,West,Ready to Move,29,1,2,Mumbai
Worli,3,488.98,1155.0,Furnished,East,Ready to Move,17,2,2,Mumbai
Kharghar,3,101.86,1199.0,Furnished,West,Ready to Move,8,2,3,Mumbai
Dombivli,5,101.66,1567.0,Semi-Furnished,West,Ready to Move,22,1,1,Mumbai
Malad West,3,93.01,1251.0,Furnished,North,Ready to Move,7,2,1,Mumbai
Nalasopara,2,27.06,1165.0,Furnished,East,Under Construction,12,2,3,Mumbai
Kandivali East,3,122.36,1018.0,Furnished,South,Ready to Move,13,1,3,Mumbai
Borivali West,3,145.78,851.0,Semi-Furnished,East,Ready to Move,23,0,3,Mumbai
Thane East,1,21.09,684.0,Unfurnished,South,Under Construction,5,2,3,Mumbai
Dahisar,2,80.12,902.0,Unfurnished,North,Ready to Move,7,1,3,Mumbai
Malad East,1,51.53,760.0,Semi-Furnished,West,Ready to Move,22,0,1,Mumbai
Nalasopara,2,34.74,760.0,Semi-Furnished,East,Under Construction,3,1,2,Mumbai
Thane West,4,135.27,1236.0,Furnished,North,Ready to Move,15,1,3,Mumbai
Panvel,1,19.08,713.0,Furnished,West,Under Construction,21,1,2,Mumbai
Thane East,2,72.34,838.0,Furnished,West,Under Construction,28,1,2,Mumbai
Bandra West,4,615.49,1255.0,Semi-Furnished,North,Ready to Move,22,0,2,Mumbai
Lower Parel,2,314.98,722.0,Furnished,East,Ready to Move,20,2,3,Mumbai
Malad East,1,43.74,669.0,Unfurnished,North,Under Construction,11,0,1,Mumbai
Virar,2,31.4,1121.0,Semi-Furnished,East,Ready to Move,4,0,3,Mumbai
Borivali West,3,155.57,1196.0,Furnished,South,Under Construction,27,1,2,Mumbai
Worli,5,955.89,1448.0,Furnished,North,Ready to Move,10,0,2,Mumbai
Vasai,5,78.11,1600.0,Semi-Furnished,South,Under Construction,28,0,1,Mumbai
Kurla,2,54.1,1185.0,Semi-Furnished,South,Ready to Move,5,0,1,Mumbai
Powai,1,60.96,636.0,Unfurnished,North,Ready to Move,10,1,3,Mumbai
Panvel,2,73.42,979.0,Unfurnished,East,Under Construction,24,0,2,Mumbai
Powai,1,85.65,691.0,Furnished,North,Under Construction,18,1,1,Mumbai
Vashi,5,225.37,1844.0,Furnished,East,Ready to Move,4,1,2,Mumbai
Worli,2,455.68,877.0,Unfurnished,South,Under Construction,21,1,2,Mumbai
Nalasopara,2,36.72,838.0,Semi-Furnished,West,Under Construction,6,0,2,Mumbai
Navi Mumbai,5,271.67,1609.0,Semi-Furnished,North,Ready to Move,26,1,2,Mumbai
Dombivli,3,59.83,1244.0,Furnished,North,Under Construction,17,2,3,Mumbai
Vikhroli,1,37.75,761.0,Unfurnished,South,Ready to Move,13,2,1,Mumbai
Kandivali East,2,44.18,1020.0,Furnished,South,Under Construction,19,2,2,Mumbai
Borivali West,3,73.63,1160.0,Furnished,West,Ready to Move,3,1,2,Mumbai
Panvel,1,21.84,807.0,Semi-Furnished,East,Under Construction,15,2,2,Mumbai
Kandivali East,5,225.99,1430.0,Unfurnished,North,Ready to Move,4,0,3,Mumbai
Andheri West,2,80.68,1169.0,Furnished,North,Ready to Move,4,2,2,Mumbai
Dahisar,3,89.84,900.0,Semi-Furnished,North,Under Construction,11,2,2,Mumbai
Vikhroli,1,24.19,585.0,Semi-Furnished,South,Under Construction,8,0,2,Mumbai
Mulund East,3,77.05,897.0,Furnished,South,Ready to Move,28,1,2,Mumbai
Kandivali East,3,144.06,1113.0,Unfurnished,West,Ready to Move,7,0,1,Mumbai
Thane West,4,112.56,1027.0,Unfurnished,East,Ready to Move,25,0,1,Mumbai
Nerul,5,210.81,1744.0,Semi-Furnished,West,Under Construction,28,1,3,Mumbai
Vashi,3,146.53,928.0,Unfurnished,North,Under Construction,18,2,2,Mumbai
Thane East,3,104.99,885.0,Furnished,North,Ready to Move,17,1,3,Mumbai
Parel,1,100.45,797.0,Unfurnished,South,Under Construction,8,0,3,Mumbai
Kurla,4,152.99,1216.0,Unfurnished,West,Under Construction,4,1,2,Mumbai
Powai,2,236.13,889.0,Unfurnished,East,Ready to Move,26,2,2,Mumbai
Kurla,1,57.63,845.0,Unfurnished,West,Ready to Move,23,0,3,Mumbai
Powai,2,244.77,1081.0,Furnished,South,Ready to Move,25,1,1,Mumbai
Panvel,2,64.75,1022.0,Semi-Furnished,East,Ready to Move,22,2,3,Mumbai
Ulhasnagar,1,15.61,820.0,Furnished,South,Ready to Move,9,0,2,Mumbai
Vasai,2,45.51,806.0,Furnished,West,Ready to Move,22,1,1,Mumbai
Mira Road,3,91.76,1042.0,Unfurnished,South,Under Construction,3,1,3,Mumbai
Panvel,3,75.0,1226.0,Furnished,South,Ready to Move,3,0,1,Mumbai
Malad East,2,64.59,1118.0,Semi-Furnished,East,Ready to Move,6,1,1,Mumbai
Mira Road,5,83.77,1849.0,Semi-Furnished,East,Under Construction,22,0,2,Mumbai
Dadar,2,127.5,899.0,Furnished,South,Ready to Move,28,2,1,Mumbai
Dahisar,5,195.0,1697.0,Semi-Furnished,North,Ready to Move,9,1,3,Mumbai
Borivali East,3,61.45,1041.0,Furnished,North,Under Construction,7,0,3,Mumbai
Mulund East,2,91.31,1187.0,Unfurnished,North,Ready to Move,11,0,1,Mumbai
Kandivali East,3,78.8,1435.0,Furnished,East,Ready to Move,2,1,3,Mumbai
Powai,3,299.15,1228.0,Furnished,North,Ready to Move,24,1,2,Mumbai
Mulund West,3,124.59,996.0,Unfurnished,West,Ready to Move,26,0,2,Mumbai
Navi Mumbai,2,76.91,1153.0,Unfurnished,South,Ready to Move,11,0,1,Mumbai
Virar,3,55.54,1200.0,Unfurnished,East,Under Construction,18,1,1,Mumbai
Borivali West,2,83.96,924.0,Semi-Furnished,East,Under Construction,6,2,2,Mumbai
Mulund West,5,265.73,1222.0,Semi-Furnished,West,Under Construction,18,1,2,Mumbai
Powai,2,121.53,923.0,Furnished,North,Under Construction,1,0,2,Mumbai
Powai,1,113.74,635.0,Semi-Furnished,East,Under Construction,4,2,3,Mumbai
Parel,4,378.28,1367.0,Semi-Furnished,North,Ready to Move,23,1,2,Mumbai
Parel,3,274.74,1365.0,Unfurnished,East,Under Construction,17,2,2,Mumbai
Mulund East,1,56.4,687.0,Semi-Furnished,South,Under Construction,4,2,1,Mumbai
Nalasopara,1,9.49,748.0,Semi-Furnished,East,Under Construction,12,0,3,Mumbai
Malad East,2,70.14,1163.0,Semi-Furnished,North,Ready to Move,21,1,3,Mumbai
Dahisar,1,30.61,833.0,Semi-Furnished,East,Ready to Move,25,0,2,Mumbai
Powai,5,587.03,1296.0,Unfurnished,North,Under Construction,19,0,1,Mumbai
Kurla,3,115.92,1105.0,Furnished,West,Ready to Move,3,0,2,Mumbai
Parel,1,153.12,638.0,Furnished,North,Under Construction,4,0,2,Mumbai
Andheri West,5,463.21,2076.0,Unfurnished,West,Ready to Move,11,0,1,Mumbai
Borivali West,5,256.28,1291.0,Furnished,East,Ready to Move,4,0,2,Mumbai
Panvel,2,43.34,1120.0,Furnished,South,Ready to Move,15,2,2,Mumbai
Dahisar,2,56.55,1090.0,Semi-Furnished,South,Ready to Move,18,0,3,Mumbai
Kandivali East,4,121.12,1475.0,Semi-Furnished,South,Under Construction,25,2,3,Mumbai
Mulund West,2,93.51,905.0,Unfurnished,South,Ready to Move,29,1,3,Mumbai
Vashi,3,156.67,949.0,Furnished,East,Ready to Move,21,2,3,Mumbai
Borivali West,2,91.64,700.0,Furnished,South,Under Construction,6,0,1,Mumbai
Malad East,3,93.03,1048.0,Furnished,South,Ready to Move,19,1,3,Mumbai
Lower Parel,3,503.42,1266.0,Furnished,East,Ready to Move,23,1,2,Mumbai
Chembur,2,125.29,1108.0,Semi-Furnished,East,Under Construction,16,2,3,Mumbai
Nalasopara,3,53.74,1203.0,Furnished,South,Ready to Move,23,2,2,Mumbai
Malad East,1,48.2,754.0,Unfurnished,South,Under Construction,22,0,1,Mumbai
Bandra East,2,217.98,765.0,Furnished,West,Ready to Move,1,2,1,Mumbai
Mira Road,1,38.39,840.0,Unfurnished,South,Ready to Move,27,1,1,Mumbai
Nerul,5,232.99,1969.0,Furnished,West,Ready to Move,9,0,1,Mumbai
Powai,3,221.53,1486.0,Unfurnished,East,Ready to Move,17,2,3,Mumbai
Andheri West,1,62.83,607.0,Semi-Furnished,East,Ready to Move,11,2,2,Mumbai
Dombivli,1,19.88,632.0,Unfurnished,East,Ready to Move,6,0,1,Mumbai
Dahisar,2,57.05,854.0,Semi-Furnished,South,Ready to Move,16,1,2,Mumbai
Navi Mumbai,5,241.54,1793.0,Unfurnished,West,Under Construction,22,2,1,Mumbai
Vasai,3,41.27,1256.0,Unfurnished,West,Under Construction,23,2,2,Mumbai
Thane East,2,72.4,726.0,Furnished,South,Under Construction,21,2,3,Mumbai
Worli,1,288.3,701.0,Semi-Furnished,East,Under Construction,24,2,1,Mumbai
Navi Mumbai,3,94.91,887.0,Unfurnished,North,Under Construction,1,0,3,Mumbai
Kandivali West,3,96.8,1122.0,Semi-Furnished,East,Under Construction,20,0,2,Mumbai
Malad East,4,217.57,1054.0,Furnished,West,Ready to Move,2,1,2,Mumbai
Borivali West,4,180.12,1564.0,Furnished,East,Ready to Move,17,2,2,Mumbai
Bandra West,5,822.99,1853.0,Semi-Furnished,South,Under Construction,10,1,2,Mumbai
Nalasopara,3,24.48,1130.0,Unfurnished,South,Ready to Move,15,1,3,Mumbai
Kalyan,3,80.79,1013.0,Semi-Furnished,East,Ready to Move,16,1,1,Mumbai
Mira Road,1,36.79,881.0,Semi-Furnished,East,Under Construction,21,2,2,Mumbai
Airoli,2,84.15,801.0,Semi-Furnished,South,Under Construction,25,0,3,Mumbai
Andheri West,1,63.14,878.0,Furnished,South,Ready to Move,1,1,3,Mumbai
Malad West,5,267.55,1354.0,Semi-Furnished,East,Under Construction,18,2,2,Mumbai
Ulhasnagar,2,33.96,1157.0,Unfurnished,North,Under Construction,29,2,1,Mumbai
Worli,5,1496.64,1368.0,Unfurnished,East,Ready to Move,10,1,3,Mumbai
Dahisar,3,68.65,1420.0,Unfurnished,South,Ready to Move,1,0,3,Mumbai
Kalyan,3,50.95,1126.0,Semi-Furnished,West,Ready to Move,11,1,2,Mumbai
Thane East,3,85.05,1171.0,Unfurnished,East,Under Construction,14,2,2,Mumbai
Virar,1,11.67,896.0,Unfurnished,West,Under Construction,17,0,3,Mumbai
Borivali East,4,116.7,1692.0,Furnished,West,Ready to Move,9,1,2,Mumbai
Panvel,1,28.81,637.0,Semi-Furnished,West,Under Construction,4,1,3,Mumbai
Vasai,1,22.37,652.0,Unfurnished,West,Ready to Move,13,1,3,Mumbai
Vashi,2,71.54,841.0,Unfurnished,West,Under Construction,18,0,1,Mumbai
Virar,3,28.87,1186.0,Furnished,West,Under Construction,21,1,2,Mumbai
Kharghar,2,41.96,845.0,Unfurnished,South,Under Construction,23,0,3,Mumbai
Vashi,4,234.56,1173.0,Unfurnished,South,Ready to Move,4,1,2,Mumbai
Nalasopara,1,11.68,866.0,Semi-Furnished,North,Ready to Move,3,2,1,Mumbai
Borivali West,5,246.02,1478.0,Unfurnished,West,Ready to Move,22,0,3,Mumbai
Vasai,3,38.07,1301.0,Unfurnished,South,Ready to Move,13,0,3,Mumbai
Andheri East,2,145.3,957.0,Semi-Furnished,West,Ready to Move,17,1,2,Mumbai
Ghatkopar East,5,290.9,1265.0,Unfurnished,South,Ready to Move,4,1,1,Mumbai
Lower Parel,3,260.78,1104.0,Unfurnished,West,Ready to Move,28,2,3,Mumbai
Malad West,1,42.8,739.0,Semi-Furnished,South,Ready to Move,10,0,3,Mumbai
Kalyan,2,40.22,988.0,Furnished,South,Ready to Move,13,0,3,Mumbai
Kurla,3,92.57,1300.0,Unfurnished,East,Ready to Move,26,0,2,Mumbai
Kandivali West,5,209.98,1548.0,Furnished,West,Ready to Move,11,0,2,Mumbai
Bandra West,2,255.48,1057.0,Furnished,West,Under Construction,9,0,3,Mumbai
Airoli,4,128.51,1267.0,Furnished,North,Under Construction,29,2,2,Mumbai
Andheri East,4,323.93,1373.0,Furnished,West,Under Construction,25,1,2,Mumbai
Andheri East,3,242.08,1103.0,Furnished,South,Under Construction,15,0,1,Mumbai
Thane East,1,31.86,896.0,Furnished,North,Under Construction,29,2,2,Mumbai
Bandra West,3,573.46,1245.0,Unfurnished,West,Under Construction,27,2,2,Mumbai
Ghatkopar West,1,56.47,719.0,Unfurnished,South,Under Construction,29,2,1,Mumbai
Mira Road,3,78.68,1206.0,Furnished,West,Ready to Move,26,0,2,Mumbai
Vasai,2,38.61,1071.0,Unfurnished,South,Ready to Move,28,1,3,Mumbai
Thane West,3,116.85,1132.0,Semi-Furnished,South,Under Construction,5,0,2,Mumbai
Goregaon East,5,227.14,1827.0,Unfurnished,East,Under Construction,13,2,2,Mumbai
Chembur,5,269.02,1329.0,Furnished,West,Under Construction,18,2,2,Mumbai
Nerul,1,53.71,701.0,Semi-Furnished,West,Ready to Move,15,2,2,Mumbai
Chembur,1,54.74,839.0,Furnished,West,Under Construction,13,2,3,Mumbai
Kandivali West,3,83.97,1355.0,Unfurnished,South,Under Construction,23,2,3,Mumbai
Vasai,2,31.05,916.0,Furnished,East,Ready to Move,22,1,3,Mumbai
Panvel,2,66.74,1015.0,Semi-Furnished,West,Under Construction,6,0,2,Mumbai
Dahisar,3,127.22,1387.0,Semi-Furnished,South,Ready to Move,1,1,3,Mumbai
Virar,2,42.19,1167.0,Unfurnished,South,Ready to Move,10,2,3,Mumbai
Worli,2,445.62,852.0,Furnished,East,Ready to Move,20,2,2,Mumbai
Panvel,2,47.08,707.0,Furnished,North,Under Construction,6,2,2,Mumbai
Ghatkopar East,2,54.84,1119.0,Unfurnished,West,Ready to Move,3,0,3,Mumbai
Malad East,2,84.02,1195.0,Unfurnished,North,Ready to Move,2,1,3,Mumbai
Dadar,2,222.51,1134.0,Unfurnished,West,Under Construction,23,0,2,Mumbai
Borivali West,2,73.25,947.0,Semi-Furnished,East,Under Construction,20,1,1,Mumbai
Vikhroli,1,35.24,852.0,Unfurnished,North,Ready to Move,12,0,1,Mumbai
Dadar,4,265.13,1444.0,Furnished,South,Ready to Move,4,0,3,Mumbai
Airoli,3,103.48,1144.0,Semi-Furnished,West,Under Construction,20,1,1,Mumbai
Mulund West,3,173.11,1475.0,Unfurnished,South,Under Construction,26,1,3,Mumbai
Powai,1,92.09,647.0,Semi-Furnished,West,Ready to Move,8,2,3,Mumbai
Kandivali East,3,85.39,1445.0,Unfurnished,South,Under Construction,11,2,3,Mumbai
Worli,2,528.03,1142.0,Furnished,North,Ready to Move,20,0,2,Mumbai
Thane West,3,118.0,1462.0,Furnished,West,Under Construction,20,2,3,Mumbai
Goregaon East,1,56.11,862.0,Furnished,North,Under Construction,11,1,2,Mumbai
Kandivali West,5,166.13,1596.0,Semi-Furnished,South,Under Construction,20,2,3,Mumbai
Kharghar,2,89.21,783.0,Unfurnished,South,Ready to Move,14,0,3,Mumbai
Malad East,3,106.0,1080.0,Furnished,South,Under Construction,5,1,3,Mumbai
Ghatkopar West,1,43.71,853.0,Unfurnished,South,Ready to Move,22,1,2,Mumbai
Lower Parel,2,274.84,1090.0,Semi-Furnished,South,Ready to Move,12,1,1,Mumbai
Andheri West,3,297.16,1107.0,Unfurnished,West,Ready to Move,24,1,1,Mumbai
Airoli,4,137.43,1534.0,Furnished,North,Under Construction,15,2,3,Mumbai
Thane West,4,193.33,1013.0,Furnished,West,Ready to Move,16,0,3,Mumbai
Virar,2,35.08,759.0,Semi-Furnished,South,Ready to Move,7,2,1,Mumbai
Ghatkopar East,3,99.51,1468.0,Furnished,West,Ready to Move,13,0,3,Mumbai
Parel,3,287.02,1209.0,Furnished,East,Under Construction,27,1,3,Mumbai
Chembur,2,82.81,791.0,Semi-Furnished,South,Under Construction,29,1,1,Mumbai
Borivali East,2,91.64,1147.0,Furnished,North,Ready to Move,29,2,3,Mumbai
Dadar,4,330.95,1416.0,Unfurnished,North,Under Construction,4,0,3,Mumbai
Kharghar,2,76.51,776.0,Furnished,East,Ready to Move,13,0,2,Mumbai
Kandivali East,1,48.56,881.0,Unfurnished,West,Ready to Move,27,0,3,Mumbai
Lower Parel,4,657.19,1492.0,Semi-Furnished,West,Ready to Move,17,1,3,Mumbai
Ghatkopar East,1,40.52,840.0,Furnished,North,Ready to Move,21,2,1,Mumbai
Dahisar,2,66.14,1155.0,Semi-Furnished,South,Ready to Move,21,2,3,Mumbai
Chembur,1,68.68,875.0,Unfurnished,East,Under Construction,3,2,2,Mumbai
Mulund East,4,141.02,1373.0,Furnished,West,Ready to Move,25,2,3,Mumbai
Andheri West,3,155.97,886.0,Unfurnished,North,Ready to Move,17,0,2,Mumbai
Kurla,2,90.47,1165.0,Semi-Furnished,West,Under Construction,6,0,3,Mumbai
Kandivali East,4,119.67,1335.0,Furnished,East,Ready to Move,2,2,2,Mumbai
Nalasopara,1,16.38,617.0,Semi-Furnished,West,Ready to Move,5,2,3,Mumbai
Bandra East,3,244.51,1033.0,Semi-Furnished,East,Under Construction,26,0,1,Mumbai
Mira Road,3,79.37,1366.0,Unfurnished,West,Under Construction,24,2,3,Mumbai
Andheri West,5,303.02,1943.0,Unfurnished,South,Under Construction,24,1,3,Mumbai
Virar,4,45.92,1568.0,Unfurnished,South,Ready to Move,14,0,1,Mumbai
Kalyan,2,30.44,935.0,Semi-Furnished,East,Under Construction,20,1,2,Mumbai
Bandra West,3,606.53,1342.0,Furnished,North,Ready to Move,12,0,3,Mumbai
Parel,1,160.18,675.0,Unfurnished,South,Ready to Move,16,2,1,Mumbai
Dadar,1,76.62,670.0,Furnished,South,Ready to Move,20,1,3,Mumbai
Dombivli,2,34.37,946.0,Semi-Furnished,West,Under Construction,15,1,1,Mumbai
Panvel,3,50.22,1205.0,Furnished,North,Under Construction,12,2,3,Mumbai
Worli,1,139.05,856.0,Unfurnished,South,Ready to Move,8,1,2,Mumbai
Dadar,2,121.95,1113.0,Furnished,South,Ready to Move,26,0,3,Mumbai
Vasai,3,34.15,1230.0,Furnished,East,Ready to Move,16,1,1,Mumbai
Dahisar,2,68.28,966.0,Unfurnished,West,Ready to Move,27,2,3,Mumbai
Lower Parel,5,876.14,1180.0,Semi-Furnished,East,Under Construction,15,1,3,Mumbai
Dadar,1,101.21,629.0,Unfurnished,East,Ready to Move,25,2,2,Mumbai
Panvel,1,15.8,864.0,Semi-Furnished,North,Ready to Move,17,1,2,Mumbai
Powai,1,112.26,675.0,Furnished,West,Ready to Move,14,1,3,Mumbai
Mulund West,3,168.57,1358.0,Unfurnished,East,Under Construction,3,1,3,Mumbai
Airoli,5,185.48,1655.0,Semi-Furnished,North,Ready to Move,26,1,2,Mumbai
Thane East,2,66.36,1057.0,Furnished,North,Under Construction,12,2,2,Mumbai
Ulhasnagar,1,15.78,631.0,Unfurnished,South,Under Construction,16,0,3,Mumbai
Thane West,3,87.45,919.0,Furnished,West,Under Construction,14,0,3,Mumbai
Dahisar,2,56.54,784.0,Furnished,West,Ready to Move,3,1,2,Mumbai
Ghatkopar West,4,170.09,1669.0,Unfurnished,South,Under Construction,19,2,2,Mumbai
Mulund East,2,54.12,857.0,Semi-Furnished,East,Ready to Move,29,2,3,Mumbai
Kalyan,3,74.33,1201.0,Semi-Furnished,East,Under Construction,12,0,2,Mumbai
Thane East,3,98.35,1028.0,Semi-Furnished,South,Under Construction,16,2,2,Mumbai
Goregaon West,1,61.96,664.0,Furnished,East,Ready to Move,5,1,2,Mumbai
Airoli,1,30.01,824.0,Unfurnished,East,Ready to Move,10,2,1,Mumbai
Goregaon East,3,141.92,1130.0,Unfurnished,East,Ready to Move,23,1,2,Mumbai
Borivali West,2,79.15,909.0,Semi-Furnished,East,Under Construction,16,2,1,Mumbai
Malad East,5,133.04,1523.0,Unfurnished,North,Ready to Move,25,1,2,Mumbai
Kalyan,5,75.06,1173.0,Furnished,West,Ready to Move,7,2,1,Mumbai
Andheri East,4,221.16,1040.0,Unfurnished,South,Ready to Move,19,1,2,Mumbai
Parel,3,457.52,1054.0,Unfurnished,South,Under Construction,12,0,3,Mumbai
Nalasopara,3,44.54,1029.0,Unfurnished,North,Ready to Move,8,2,3,Mumbai
Goregaon East,1,37.31,661.0,Furnished,South,Ready to Move,26,1,3,Mumbai
Goregaon East,2,63.02,806.0,Semi-Furnished,North,Ready to Move,20,0,3,Mumbai
Kurla,2,84.94,1047.0,Unfurnished,East,Under Construction,21,0,2,Mumbai
Kurla,2,101.91,873.0,Semi-Furnished,West,Under Construction,16,1,3,Mumbai
Mira Road,2,65.46,797.0,Semi-Furnished,West,Ready to Move,4,1,3,Mumbai
Mira Road,4,86.08,1329.0,Semi-Furnished,South,Ready to Move,15,0,3,Mumbai
Malad West,2,63.29,723.0,Unfurnished,West,Ready to Move,5,1,2,Mumbai
Bandra East,1,62.33,706.0,Unfurnished,North,Under Construction,19,1,2,Mumbai
Panvel,2,74.3,1084.0,Unfurnished,South,Under Construction,2,1,3,Mumbai
Vashi,1,46.53,776.0,Unfurnished,East,Ready to Move,11,0,2,Mumbai
Panvel,2,56.35,962.0,Unfurnished,East,Ready to Move,11,0,3,Mumbai
Kandivali West,1,44.98,729.0,Unfurnished,West,Ready to Move,8,1,2,Mumbai
Goregaon West,2,91.89,1038.0,Furnished,West,Under Construction,17,1,3,Mumbai
Chembur,2,87.73,1084.0,Furnished,West,Under Construction,10,0,3,Mumbai
Vasai,3,35.89,1244.0,Semi-Furnished,North,Ready to Move,9,1,2,Mumbai
Dadar,1,97.02,594.0,Semi-Furnished,East,Under Construction,25,1,3,Mumbai
Nalasopara,1,13.19,742.0,Semi-Furnished,North,Under Construction,25,1,2,Mumbai
Kurla,2,91.23,982.0,Furnished,West,Under Construction,14,0,2,Mumbai
Vashi,1,61.94,692.0,Semi-Furnished,South,Ready to Move,4,1,3,Mumbai
Mira Road,3,105.04,1290.0,Semi-Furnished,West,Ready to Move,23,0,2,Mumbai
Mulund East,2,92.34,1017.0,Semi-Furnished,North,Ready to Move,14,1,3,Mumbai
Mulund East,1,46.28,745.0,Unfurnished,West,Under Construction,15,0,1,Mumbai
Kalyan,2,25.77,901.0,Unfurnished,West,Ready to Move,11,0,3,Mumbai
Ghatkopar West,2,88.53,827.0,Semi-Furnished,West,Ready to Move,8,0,2,Mumbai
Kharghar,2,84.53,977.0,Unfurnished,East,Ready to Move,22,1,3,Mumbai
Borivali West,4,140.45,1384.0,Unfurnished,South,Ready to Move,7,2,2,Mumbai
Kurla,3,167.11,1497.0,Semi-Furnished,North,Ready to Move,26,0,1,Mumbai
Thane West,1,40.83,789.0,Furnished,South,Ready to Move,1,2,3,Mumbai
Ulhasnagar,2,29.88,1047.0,Furnished,South,Ready to Move,7,2,2,Mumbai
Virar,4,48.5,1354.0,Furnished,East,Under Construction,11,2,3,Mumbai
Kandivali East,5,183.3,1418.0,Unfurnished,North,Ready to Move,28,0,3,Mumbai
Navi Mumbai,3,162.42,1158.0,Unfurnished,West,Ready to Move,26,1,2,Mumbai
Goregaon West,3,163.49,1027.0,Semi-Furnished,West,Under Construction,6,0,2,Mumbai
Lower Parel,1,197.24,741.0,Semi-Furnished,North,Under Construction,7,2,3,Mumbai
Bandra East,4,457.13,1616.0,Unfurnished,North,Ready to Move,5,1,3,Mumbai
Vashi,4,256.33,1667.0,Semi-Furnished,East,Under Construction,22,2,1,Mumbai
Kandivali West,5,194.93,2038.0,Unfurnished,East,Ready to Move,18,2,1,Mumbai
Parel,4,313.56,1271.0,Semi-Furnished,West,Ready to Move,28,0,2,Mumbai
Mulund East,2,74.85,758.0,Furnished,North,Under Construction,10,2,3,Mumbai
Virar,3,42.05,1325.0,Furnished,West,Ready to Move,9,1,2,Mumbai
Kandivali West,1,38.65,668.0,Furnished,South,Ready to Move,28,1,3,Mumbai
Thane West,2,55.69,729.0,Furnished,North,Under Construction,18,0,3,Mumbai
Ulhasnagar,3,36.44,1372.0,Semi-Furnished,South,Ready to Move,11,2,1,Mumbai
Thane East,2,44.18,916.0,Furnished,East,Ready to Move,16,1,2,Mumbai
Nalasopara,4,75.36,1064.0,Unfurnished,West,Under Construction,12,1,3,Mumbai
Thane East,5,127.4,2044.0,Furnished,North,Under Construction,26,2,2,Mumbai
Borivali East,3,109.78,1371.0,Unfurnished,East,Under Construction,5,1,1,Mumbai
Dombivli,5,132.87,2053.0,Unfurnished,North,Ready to Move,22,0,3,Mumbai
Kurla,1,45.27,673.0,Semi-Furnished,South,Ready to Move,21,1,2,Mumbai
Bandra West,3,638.4,1099.0,Furnished,West,Ready to Move,12,2,2,Mumbai
Goregaon West,2,81.15,832.0,Semi-Furnished,East,Under Construction,22,1,3,Mumbai
Borivali East,5,207.86,1719.0,Unfurnished,North,Under Construction,14,2,3,Mumbai
Ghatkopar East,2,97.67,986.0,Furnished,West,Under Construction,5,2,3,Mumbai
Ghatkopar East,5,229.1,1505.0,Unfurnished,East,Ready to Move,15,2,2,Mumbai
Malad East,2,51.17,899.0,Furnished,East,Ready to Move,3,2,2,Mumbai
Kharghar,2,36.4,713.0,Unfurnished,South,Ready to Move,3,0,3,Mumbai
Vikhroli,2,51.02,749.0,Semi-Furnished,West,Ready to Move,22,0,3,Mumbai
Andheri West,5,483.79,1950.0,Furnished,East,Under Construction,12,0,1,Mumbai
Parel,4,356.42,1047.0,Semi-Furnished,North,Ready to Move,11,0,2,Mumbai
Powai,1,99.77,609.0,Unfurnished,South,Ready to Move,15,0,3,Mumbai
Lower Parel,1,82.67,896.0,Unfurnished,West,Under Construction,6,2,3,Mumbai
Powai,2,110.93,790.0,Unfurnished,West,Under Construction,10,2,3,Mumbai
Goregaon East,1,54.37,777.0,Unfurnished,North,Ready to Move,21,1,3,Mumbai
Vashi,4,205.35,1592.0,Semi-Furnished,North,Under Construction,22,2,2,Mumbai
Goregaon East,3,118.35,1326.0,Furnished,North,Under Construction,27,0,1,Mumbai
Vasai,5,116.76,1770.0,Semi-Furnished,East,Under Construction,23,1,3,Mumbai
Ulhasnagar,3,29.71,1467.0,Furnished,West,Under Construction,21,0,1,Mumbai
Andheri West,3,183.98,1285.0,Unfurnished,North,Ready to Move,13,2,2,Mumbai
Nerul,1,44.33,620.0,Unfurnished,East,Under Construction,18,2,2,Mumbai
Kandivali West,1,27.36,795.0,Unfurnished,East,Ready to Move,13,0,3,Mumbai
Parel,3,404.52,1167.0,Unfurnished,South,Ready to Move,22,0,3,Mumbai
Thane West,4,108.47,1255.0,Furnished,West,Ready to Move,25,0,3,Mumbai
Goregaon West,1,72.48,611.0,Unfurnished,East,Under Construction,19,1,1,Mumbai
Vashi,2,122.35,798.0,Furnished,East,Under Construction,11,1,1,Mumbai
Mulund East,1,45.0,833.0,Furnished,South,Under Construction,19,0,1,Mumbai
Navi Mumbai,1,29.41,620.0,Unfurnished,West,Under Construction,25,0,3,Mumbai
Borivali East,2,63.46,1008.0,Unfurnished,North,Ready to Move,10,1,1,Mumbai
Thane East,3,86.43,1378.0,Unfurnished,South,Ready to Move,8,0,3,Mumbai
Malad West,5,300.9,1169.0,Unfurnished,East,Under Construction,5,2,3,Mumbai
Kharghar,1,41.92,836.0,Semi-Furnished,East,Under Construction,29,2,1,Mumbai
Kandivali East,2,46.76,816.0,Furnished,West,Ready to Move,11,2,3,Mumbai
Powai,2,173.01,1037.0,Semi-Furnished,South,Under Construction,9,2,2,Mumbai
Nerul,3,162.82,1270.0,Unfurnished,East,Under Construction,26,2,3,Mumbai
Ghatkopar West,4,144.3,1263.0,Unfurnished,East,Ready to Move,2,0,3,Mumbai
Nalasopara,5,87.01,1499.0,Unfurnished,West,Ready to Move,22,0,2,Mumbai
Airoli,2,66.17,1161.0,Furnished,South,Ready to Move,25,2,2,Mumbai
Vikhroli,1,44.39,775.0,Semi-Furnished,North,Ready to Move,25,2,2,Mumbai
Kandivali East,1,30.87,833.0,Semi-Furnished,East,Ready to Move,13,0,2,Mumbai
Malad East,1,32.48,869.0,Semi-Furnished,North,Under Construction,29,1,1,Mumbai
Thane West,3,85.43,1008.0,Semi-Furnished,West,Under Construction,3,2,3,Mumbai
Vikhroli,2,107.05,864.0,Unfurnished,West,Ready to Move,8,2,3,Mumbai
Ghatkopar East,3,172.01,936.0,Furnished,East,Ready to Move,8,1,3,Mumbai
Ulhasnagar,2,20.05,727.0,Unfurnished,East,Ready to Move,16,1,3,Mumbai
Nerul,4,197.75,1541.0,Furnished,West,Ready to Move,4,0,1,Mumbai
Thane West,2,88.41,1191.0,Unfurnished,South,Ready to Move,3,1,3,Mumbai
Ghatkopar West,1,42.17,599.0,Semi-Furnished,West,Under Construction,14,1,2,Mumbai
Mulund West,1,51.36,645.0,Unfurnished,West,Ready to Move,13,0,2,Mumbai
Vashi,3,127.64,941.0,Semi-Furnished,South,Ready to Move,13,0,2,Mumbai
Mulund West,4,137.4,1134.0,Unfurnished,East,Ready to Move,29,0,2,Mumbai
Andheri East,1,57.05,854.0,Semi-Furnished,East,Under Construction,21,0,3,Mumbai
Airoli,2,84.75,1127.0,Furnished,North,Ready to Move,16,1,2,Mumbai
Bandra East,2,222.42,1073.0,Furnished,North,Ready to Move,5,0,3,Mumbai
Mulund East,2,51.67,802.0,Furnished,West,Ready to Move,2,0,2,Mumbai
Mira Road,3,108.76,1332.0,Unfurnished,East,Under Construction,27,1,1,Mumbai
Thane East,3,129.23,1130.0,Furnished,West,Ready to Move,11,2,1,Mumbai
Lower Parel,5,466.36,1184.0,Semi-Furnished,West,Under Construction,2,2,2,Mumbai
Vashi,3,153.34,903.0,Semi-Furnished,East,Ready to Move,5,2,3,Mumbai
Thane West,1,46.25,553.0,Semi-Furnished,West,Under Construction,4,2,2,Mumbai
Kandivali West,3,104.41,1359.0,Semi-Furnished,East,Under Construction,18,2,3,Mumbai
Panvel,5,110.61,1157.0,Semi-Furnished,North,Under Construction,19,1,3,Mumbai
Vashi,3,194.1,1468.0,Furnished,South,Under Construction,15,2,2,Mumbai
Airoli,4,109.14,1334.0,Semi-Furnished,East,Under Construction,11,1,3,Mumbai
Kalyan,1,26.74,571.0,Unfurnished,West,Ready to Move,6,1,1,Mumbai
Mulund West,3,97.6,1263.0,Unfurnished,East,Under Construction,2,2,2,Mumbai
Andheri West,2,183.76,759.0,Furnished,North,Ready to Move,27,0,3,Mumbai
Mulund East,3,73.33,1183.0,Furnished,South,Under Construction,11,0,1,Mumbai
Nerul,3,90.53,1035.0,Unfurnished,West,Under Construction,13,1,2,Mumbai
Andheri East,5,213.91,1575.0,Semi-Furnished,West,Under Construction,9,0,3,Mumbai
Borivali East,2,60.75,907.0,Unfurnished,North,Under Construction,13,2,3,Mumbai
Worli,5,1261.24,1815.0,Unfurnished,South,Ready to Move,25,0,3,Mumbai
Andheri East,3,234.05,1180.0,Semi-Furnished,North,Under Construction,14,0,2,Mumbai
Ulhasnagar,2,20.61,773.0,Furnished,East,Ready to Move,7,2,2,Mumbai
Ghatkopar East,1,59.73,837.0,Furnished,West,Under Construction,6,2,2,Mumbai
Kandivali West,5,223.94,1924.0,Semi-Furnished,South,Ready to Move,1,1,2,Mumbai
Goregaon East,3,157.9,1192.0,Semi-Furnished,North,Under Construction,17,1,2,Mumbai
Andheri East,2,121.42,907.0,Furnished,North,Under Construction,22,2,2,Mumbai
Dombivli,5,125.28,1492.0,Furnished,West,Ready to Move,13,1,1,Mumbai
Thane West,3,142.51,854.0,Furnished,South,Under Construction,24,0,3,Mumbai
Thane West,1,26.53,888.0,Semi-Furnished,North,Ready to Move,21,1,3,Mumbai
Vashi,5,238.89,1336.0,Furnished,East,Under Construction,17,0,1,Mumbai
Kurla,2,116.74,1069.0,Unfurnished,North,Under Construction,9,0,2,Mumbai
Mulund West,2,120.57,744.0,Semi-Furnished,East,Under Construction,26,1,3,Mumbai
Thane East,2,46.28,1159.0,Unfurnished,East,Under Construction,1,0,2,Mumbai
Parel,2,347.07,1096.0,Semi-Furnished,North,Under Construction,14,0,1,Mumbai
Dadar,5,328.13,1518.0,Furnished,North,Under Construction,6,2,1,Mumbai
Vikhroli,5,151.63,1427.0,Semi-Furnished,East,Ready to Move,20,2,2,Mumbai
Bandra East,5,670.89,1556.0,Semi-Furnished,East,Under Construction,26,0,3,Mumbai
Vikhroli,3,135.3,1283.0,Furnished,South,Under Construction,4,1,2,Mumbai
Malad West,3,109.08,1281.0,Semi-Furnished,South,Under Construction,2,2,2,Mumbai
Goregaon East,3,180.99,1484.0,Unfurnished,West,Under Construction,29,1,3,Mumbai
Mira Road,3,55.79,1397.0,Semi-Furnished,West,Ready to Move,19,2,2,Mumbai
Borivali East,2,87.83,744.0,Unfurnished,North,Ready to Move,11,2,2,Mumbai
Borivali West,3,139.46,927.0,Unfurnished,East,Under Construction,17,1,3,Mumbai
Kandivali East,2,90.85,1052.0,Semi-Furnished,South,Ready to Move,3,2,2,Mumbai
Goregaon East,3,150.48,1018.0,Furnished,West,Under Construction,17,0,2,Mumbai
Ghatkopar West,2,98.58,729.0,Semi-Furnished,East,Under Construction,10,0,1,Mumbai
Bandra East,1,116.39,873.0,Furnished,West,Under Construction,6,0,2,Mumbai
Goregaon West,4,231.62,1392.0,Semi-Furnished,North,Under Construction,21,1,3,Mumbai
Kharghar,3,116.73,1101.0,Furnished,West,Under Construction,22,1,3,Mumbai
Airoli,2,46.84,735.0,Unfurnished,North,Ready to Move,1,1,3,Mumbai
Airoli,5,215.07,1161.0,Furnished,North,Under Construction,6,2,2,Mumbai
Kandivali East,2,73.01,1007.0,Semi-Furnished,North,Under Construction,1,2,2,Mumbai
Lower Parel,4,539.27,1677.0,Semi-Furnished,North,Under Construction,14,0,3,Mumbai
Ghatkopar East,5,235.27,1263.0,Semi-Furnished,East,Under Construction,8,1,3,Mumbai
Ghatkopar West,3,142.55,1399.0,Semi-Furnished,North,Ready to Move,5,1,3,Mumbai
Ulhasnagar,2,29.86,985.0,Semi-Furnished,West,Under Construction,8,0,3,Mumbai
Malad East,3,143.29,1478.0,Semi-Furnished,West,Under Construction,1,2,3,Mumbai
Dahisar,4,99.95,1505.0,Furnished,West,Ready to Move,26,2,2,Mumbai
Mulund East,1,27.2,697.0,Furnished,South,Under Construction,25,0,2,Mumbai
Chembur,3,128.22,1073.0,Semi-Furnished,South,Ready to Move,26,1,3,Mumbai
Andheri East,1,52.92,761.0,Semi-Furnished,North,Ready to Move,7,1,2,Mumbai
Vashi,3,148.57,1348.0,Unfurnished,East,Ready to Move,5,2,2,Mumbai
Powai,4,232.44,1248.0,Semi-Furnished,South,Ready to Move,7,2,3,Mumbai
Panvel,3,75.43,997.0,Semi-Furnished,East,Ready to Move,23,0,3,Mumbai
Worli,3,472.91,935.0,Semi-Furnished,East,Ready to Move,4,2,3,Mumbai
Dadar,5,667.49,1991.0,Furnished,South,Ready to Move,22,1,3,Mumbai
Ulhasnagar,2,39.45,793.0,Unfurnished,West,Ready to Move,16,1,2,Mumbai
Virar,2,34.23,808.0,Furnished,South,Ready to Move,19,1,2,Mumbai
Mulund West,3,118.44,1109.0,Semi-Furnished,North,Under Construction,12,1,3,Mumbai
Ghatkopar West,1,31.88,669.0,Unfurnished,South,Under Construction,4,0,2,Mumbai
Malad West,2,68.47,1174.0,Unfurnished,East,Ready to Move,2,0,3,Mumbai
Kurla,4,122.13,1194.0,Semi-Furnished,South,Under Construction,20,0,2,Mumbai
Andheri West,3,239.47,927.0,Unfurnished,North,Under Construction,3,1,2,Mumbai
Nalasopara,5,78.0,1782.0,Semi-Furnished,South,Ready to Move,27,0,3,Mumbai
Kandivali West,3,78.69,1300.0,Unfurnished,West,Ready to Move,15,2,2,Mumbai
Kalyan,3,78.1,1316.0,Furnished,North,Ready to Move,15,2,3,Mumbai
Mulund East,2,98.71,1045.0,Semi-Furnished,East,Under Construction,23,0,3,Mumbai
Panvel,3,93.24,1418.0,Semi-Furnished,North,Under Construction,21,2,3,Mumbai
Mulund East,2,74.91,951.0,Furnished,East,Ready to Move,13,1,3,Mumbai
Mira Road,2,69.44,936.0,Unfurnished,East,Under Construction,21,2,2,Mumbai
Andheri East,2,64.79,928.0,Furnished,East,Ready to Move,5,1,2,Mumbai
Malad East,3,104.73,1309.0,Furnished,South,Ready to Move,28,0,3,Mumbai
Chembur,2,70.81,724.0,Semi-Furnished,East,Under Construction,20,0,2,Mumbai
Navi Mumbai,2,79.34,756.0,Furnished,West,Ready to Move,11,0,3,Mumbai
Malad East,3,156.52,1360.0,Unfurnished,East,Under Construction,16,1,3,Mumbai
Kharghar,3,76.57,1473.0,Furnished,West,Ready to Move,6,0,3,Mumbai
Navi Mumbai,1,54.96,569.0,Furnished,North,Ready to Move,8,2,1,Mumbai
Virar,3,27.23,925.0,Semi-Furnished,East,Under Construction,23,2,2,Mumbai
Powai,1,118.04,552.0,Semi-Furnished,North,Ready to Move,24,2,2,Mumbai
Kharghar,4,73.53,1206.0,Unfurnished,West,Under Construction,19,0,3,Mumbai
Nalasopara,1,11.24,738.0,Furnished,North,Under Construction,8,0,3,Mumbai
Virar,4,81.49,1399.0,Furnished,East,Under Construction,19,1,3,Mumbai
Thane East,5,223.69,1731.0,Furnished,West,Under Construction,11,2,1,Mumbai
Andheri West,4,347.63,1387.0,Furnished,North,Under Construction,27,2,3,Mumbai
Goregaon East,2,76.02,812.0,Furnished,West,Ready to Move,27,2,3,Mumbai
Airoli,1,41.12,578.0,Semi-Furnished,North,Ready to Move,17,0,2,Mumbai
Kandivali East,3,143.77,1279.0,Semi-Furnished,South,Under Construction,27,2,1,Mumbai
Malad West,3,184.06,1473.0,Furnished,West,Under Construction,4,2,3,Mumbai
Dadar,1,107.35,791.0,Unfurnished,South,Under Construction,29,1,3,Mumbai
Mulund West,3,99.43,1336.0,Unfurnished,South,Under Construction,5,1,2,Mumbai
Virar,3,41.88,1139.0,Semi-Furnished,South,Under Construction,17,2,1,Mumbai
Ghatkopar West,2,108.59,744.0,Unfurnished,West,Under Construction,18,1,3,Mumbai
Kalyan,3,74.86,1149.0,Unfurnished,North,Under Construction,22,1,2,Mumbai
Bandra West,1,177.53,741.0,Semi-Furnished,North,Under Construction,17,1,2,Mumbai
Borivali West,5,121.05,1634.0,Furnished,South,Under Construction,4,2,2,Mumbai
Bandra West,2,260.41,734.0,Semi-Furnished,North,Ready to Move,24,0,3,Mumbai
Bandra East,3,339.78,1053.0,Unfurnished,East,Ready to Move,2,0,3,Mumbai
Andheri East,2,83.54,1133.0,Semi-Furnished,North,Ready to Move,23,2,2,Mumbai
Goregaon East,3,198.63,1404.0,Furnished,East,Ready to Move,21,0,3,Mumbai
Powai,3,249.79,1108.0,Semi-Furnished,South,Under Construction,13,2,2,Mumbai
Borivali West,5,202.55,1995.0,Semi-Furnished,West,Under Construction,2,2,2,Mumbai
Kandivali West,1,55.28,594.0,Furnished,West,Under Construction,16,0,3,Mumbai
Kandivali West,3,165.67,1414.0,Furnished,North,Ready to Move,14,1,2,Mumbai
Airoli,2,45.7,1022.0,Furnished,South,Ready to Move,17,0,2,Mumbai
Borivali West,3,142.43,905.0,Furnished,West,Ready to Move,10,2,2,Mumbai
Thane East,3,67.23,918.0,Unfurnished,West,Under Construction,2,1,3,Mumbai
Mulund East,2,91.52,1134.0,Furnished,South,Under Construction,29,2,2,Mumbai
Worli,5,831.73,1279.0,Furnished,North,Under Construction,5,2,3,Mumbai
Kalyan,2,49.62,1055.0,Unfurnished,North,Ready to Move,29,1,3,Mumbai
Nalasopara,2,27.44,1095.0,Furnished,South,Ready to Move,1,1,2,Mumbai
Goregaon West,1,67.96,891.0,Semi-Furnished,West,Ready to Move,4,2,2,Mumbai
Andheri West,2,144.7,828.0,Furnished,East,Ready to Move,6,2,2,Mumbai
Andheri East,1,35.57,757.0,Semi-Furnished,East,Ready to Move,2,1,3,Mumbai
Virar,5,59.95,1528.0,Furnished,East,Ready to Move,6,0,2,Mumbai
Malad East,2,70.03,1041.0,Furnished,West,Under Construction,12,1,3,Mumbai
Mulund West,1,28.44,599.0,Unfurnished,North,Ready to Move,24,2,2,Mumbai
Panvel,1,29.76,837.0,Semi-Furnished,West,Ready to Move,6,1,1,Mumbai
Goregaon West,3,127.37,1208.0,Semi-Furnished,East,Under Construction,19,1,3,Mumbai
Kharghar,3,122.34,1135.0,Furnished,East,Under Construction,9,2,2,Mumbai
Malad East,3,89.35,972.0,Semi-Furnished,East,Under Construction,7,2,1,Mumbai
Dahisar,3,57.6,1222.0,Semi-Furnished,East,Ready to Move,25,0,1,Mumbai
Worli,3,881.94,1136.0,Furnished,North,Under Construction,28,2,3,Mumbai
Borivali West,5,149.34,1485.0,Unfurnished,West,Under Construction,2,0,1,Mumbai
Worli,1,133.93,729.0,Furnished,West,Ready to Move,3,1,3,Mumbai
Borivali East,2,82.98,1052.0,Unfurnished,West,Under Construction,22,0,3,Mumbai
Nalasopara,3,33.66,1266.0,Furnished,North,Ready to Move,21,0,1,Mumbai
Bandra West,3,365.96,1003.0,Furnished,West,Ready to Move,1,2,2,Mumbai
Ulhasnagar,3,42.02,1443.0,Unfurnished,East,Ready to Move,22,2,1,Mumbai
Kalyan,1,23.5,658.0,Unfurnished,East,Ready to Move,13,1,2,Mumbai
Thane East,1,25.96,674.0,Unfurnished,North,Ready to Move,7,2,3,Mumbai
Kandivali West,1,54.22,586.0,Unfurnished,West,Ready to Move,7,1,3,Mumbai
Mira Road,1,27.26,575.0,Semi-Furnished,West,Under Construction,25,2,1,Mumbai
Mulund East,5,205.97,1252.0,Unfurnished,West,Under Construction,11,0,3,Mumbai
Vasai,2,36.35,743.0,Furnished,West,Under Construction,16,0,2,Mumbai
Airoli,1,36.93,789.0,Unfurnished,North,Ready to Move,29,1,2,Mumbai
Panvel,1,34.94,749.0,Furnished,North,Under Construction,17,0,2,Mumbai
Vikhroli,1,54.55,790.0,Unfurnished,North,Under Construction,2,2,1,Mumbai
Navi Mumbai,2,97.2,924.0,Furnished,North,Under Construction,23,2,3,Mumbai
Thane West,5,241.06,2044.0,Furnished,East,Ready to Move,10,0,1,Mumbai
Dombivli,2,26.42,834.0,Furnished,East,Ready to Move,18,1,1,Mumbai
Mulund West,3,163.85,868.0,Furnished,South,Under Construction,18,0,1,Mumbai
Nalasopara,2,25.79,998.0,Semi-Furnished,East,Under Construction,18,1,3,Mumbai
Dadar,4,316.12,1212.0,Semi-Furnished,East,Under Construction,20,0,3,Mumbai
Kalyan,2,26.83,1189.0,Furnished,West,Under Construction,1,1,2,Mumbai
Chembur,1,43.68,836.0,Furnished,East,Under Construction,9,1,2,Mumbai
Bandra West,2,304.04,783.0,Unfurnished,North,Ready to Move,9,1,3,Mumbai
Ghatkopar West,1,39.75,657.0,Furnished,West,Under Construction,12,1,2,Mumbai
Dadar,1,117.36,575.0,Semi-Furnished,West,Ready to Move,3,0,2,Mumbai
Parel,4,624.22,1346.0,Unfurnished,South,Under Construction,17,1,3,Mumbai
Mira Road,1,21.97,869.0,Semi-Furnished,East,Under Construction,8,1,3,Mumbai
Airoli,2,51.82,806.0,Unfurnished,East,Under Construction,8,1,1,Mumbai
Malad West,2,114.76,1132.0,Furnished,North,Ready to Move,8,2,2,Mumbai
Dahisar,5,143.32,1649.0,Semi-Furnished,West,Ready to Move,7,0,1,Mumbai
Navi Mumbai,2,91.26,817.0,Unfurnished,North,Under Construction,12,0,2,Mumbai
Lower Parel,2,359.19,908.0,Semi-Furnished,North,Ready to Move,28,0,2,Mumbai
Nerul,1,39.12,621.0,Semi-Furnished,West,Under Construction,13,2,1,Mumbai
Parel,1,85.46,652.0,Semi-Furnished,West,Under Construction,6,1,2,Mumbai
Worli,4,834.5,1154.0,Unfurnished,West,Ready to Move,26,1,2,Mumbai
Nalasopara,2,32.3,1149.0,Unfurnished,South,Under Construction,25,0,3,Mumbai
Malad East,2,66.75,725.0,Semi-Furnished,East,Ready to Move,2,2,2,Mumbai
Kalyan,2,39.26,742.0,Unfurnished,West,Ready to Move,16,0,2,Mumbai
Bandra West,1,220.73,611.0,Furnished,North,Ready to Move,25,1,3,Mumbai
Borivali West,1,43.19,765.0,Semi-Furnished,South,Ready to Move,9,1,3,Mumbai
Mulund East,3,111.13,1326.0,Unfurnished,West,Under Construction,29,2,3,Mumbai
Ghatkopar West,5,335.01,1498.0,Furnished,South,Under Construction,19,1,2,Mumbai
Virar,2,27.83,1190.0,Semi-Furnished,West,Under Construction,25,0,3,Mumbai
Bandra West,3,415.84,1090.0,Unfurnished,East,Ready to Move,1,0,2,Mumbai
Borivali East,3,123.68,1165.0,Furnished,East,Ready to Move,27,1,3,Mumbai
Bandra West,3,596.74,981.0,Semi-Furnished,North,Under Construction,5,0,3,Mumbai
Goregaon West,2,68.29,775.0,Unfurnished,East,Ready to Move,14,0,2,Mumbai
Lower Parel,3,332.8,1306.0,Unfurnished,North,Under Construction,7,0,3,Mumbai
Borivali West,2,78.89,930.0,Unfurnished,East,Under Construction,20,1,1,Mumbai
Andheri East,4,297.86,1388.0,Furnished,North,Ready to Move,1,2,3,Mumbai
Powai,2,190.42,779.0,Unfurnished,North,Under Construction,5,1,3,Mumbai
Bandra West,2,433.61,803.0,Semi-Furnished,East,Under Construction,24,1,3,Mumbai
Mulund East,1,32.73,654.0,Semi-Furnished,North,Ready to Move,14,1,3,Mumbai
Malad West,3,158.52,916.0,Furnished,South,Ready to Move,18,2,3,Mumbai
Borivali West,3,99.36,1346.0,Semi-Furnished,East,Under Construction,7,1,3,Mumbai
Mulund East,2,58.78,1050.0,Unfurnished,East,Under Construction,15,0,1,Mumbai
Dadar,2,288.51,957.0,Furnished,West,Under Construction,29,1,2,Mumbai
Nalasopara,3,41.49,1169.0,Semi-Furnished,East,Ready to Move,8,1,1,Mumbai
Dombivli,3,66.93,1005.0,Unfurnished,South,Ready to Move,2,0,3,Mumbai
Malad East,5,239.84,1251.0,Semi-Furnished,East,Ready to Move,17,2,2,Mumbai
Mulund East,3,80.24,1044.0,Furnished,West,Ready to Move,4,0,1,Mumbai
Borivali East,3,82.77,1325.0,Furnished,South,Ready to Move,29,1,2,Mumbai
Kharghar,3,77.17,1320.0,Furnished,West,Ready to Move,2,2,3,Mumbai
Parel,4,369.66,1700.0,Semi-Furnished,North,Under Construction,24,2,3,Mumbai
Ghatkopar East,1,44.95,632.0,Semi-Furnished,South,Under Construction,13,2,2,Mumbai
Dadar,2,218.07,835.0,Semi-Furnished,East,Under Construction,3,1,2,Mumbai
Airoli,2,50.1,755.0,Unfurnished,North,Ready to Move,17,2,3,Mumbai
Chembur,3,110.86,1232.0,Unfurnished,East,Ready to Move,15,0,2,Mumbai
Parel,1,135.92,773.0,Semi-Furnished,West,Under Construction,23,2,2,Mumbai
Goregaon West,3,222.56,1331.0,Unfurnished,East,Under Construction,23,1,2,Mumbai
Vikhroli,3,109.54,1496.0,Unfurnished,North,Under Construction,12,2,3,Mumbai
Nalasopara,3,29.5,871.0,Furnished,West,Ready to Move,15,2,3,Mumbai
Ghatkopar East,1,52.64,861.0,Semi-Furnished,South,Ready to Move,25,2,2,Mumbai
Vasai,2,24.27,726.0,Unfurnished,East,Under Construction,17,2,2,Mumbai
Borivali East,3,60.83,1424.0,Furnished,West,Under Construction,15,2,3,Mumbai
Thane West,3,75.25,1103.0,Semi-Furnished,East,Under Construction,14,1,2,Mumbai
Vashi,3,112.51,910.0,Semi-Furnished,West,Under Construction,15,2,2,Mumbai
Airoli,3,70.59,1448.0,Furnished,North,Under Construction,8,2,3,Mumbai
Kalyan,3,46.44,1349.0,Semi-Furnished,South,Ready to Move,18,1,2,Mumbai
Lower Parel,3,485.44,1428.0,Furnished,South,Under Construction,27,0,1,Mumbai
Kalyan,3,51.52,1093.0,Furnished,East,Under Construction,7,2,3,Mumbai
Nalasopara,3,26.06,1258.0,Semi-Furnished,West,Under Construction,10,1,3,Mumbai
Dadar,3,313.19,853.0,Unfurnished,North,Under Construction,26,2,3,Mumbai
Goregaon West,3,207.82,1431.0,Furnished,North,Under Construction,2,1,2,Mumbai
Malad West,2,97.86,783.0,Semi-Furnished,East,Under Construction,14,0,2,Mumbai
Nalasopara,3,33.7,1063.0,Semi-Furnished,North,Under Construction,19,2,3,Mumbai
Panvel,1,34.75,716.0,Semi-Furnished,North,Ready to Move,9,1,2,Mumbai
Andheri East,3,239.78,1072.0,Furnished,North,Under Construction,2,0,2,Mumbai
Kurla,1,54.41,887.0,Furnished,West,Under Construction,1,2,3,Mumbai
Dahisar,2,60.94,731.0,Furnished,West,Under Construction,5,0,1,Mumbai
Kalyan,4,54.11,1312.0,Unfurnished,North,Ready to Move,22,1,1,Mumbai
Bandra West,3,563.31,1092.0,Semi-Furnished,North,Under Construction,8,2,2,Mumbai
Ulhasnagar,1,9.96,748.0,Furnished,North,Under Construction,8,1,3,Mumbai
Thane West,1,36.68,785.0,Furnished,East,Ready to Move,28,0,3,Mumbai
Powai,2,144.44,742.0,Semi-Furnished,South,Ready to Move,25,0,1,Mumbai
Kharghar,4,118.04,1354.0,Furnished,East,Ready to Move,3,2,3,Mumbai
Malad East,4,125.45,1783.0,Semi-Furnished,West,Under Construction,7,0,2,Mumbai
Vikhroli,3,83.69,1119.0,Semi-Furnished,South,Ready to Move,12,2,3,Mumbai
Ghatkopar West,3,188.94,1122.0,Unfurnished,West,Ready to Move,11,0,2,Mumbai
Kurla,3,130.86,874.0,Unfurnished,North,Under Construction,16,1,1,Mumbai
Kalyan,3,43.82,1402.0,Furnished,West,Ready to Move,29,1,3,Mumbai
Worli,3,632.01,1390.0,Furnished,East,Ready to Move,8,1,2,Mumbai
Dadar,3,380.15,1388.0,Semi-Furnished,North,Under Construction,5,0,3,Mumbai
Dadar,2,164.4,930.0,Semi-Furnished,South,Ready to Move,13,2,3,Mumbai
Airoli,3,91.02,1338.0,Semi-Furnished,East,Under Construction,12,1,2,Mumbai
Kandivali East,3,143.17,1136.0,Unfurnished,West,Ready to Move,18,0,2,Mumbai
Kandivali East,3,100.75,1045.0,Semi-Furnished,North,Under Construction,28,2,1,Mumbai
Mulund West,4,158.03,1709.0,Furnished,North,Under Construction,15,1,2,Mumbai
Ulhasnagar,1,11.15,703.0,Semi-Furnished,East,Under Construction,16,0,2,Mumbai
Airoli,5,210.2,1639.0,Semi-Furnished,North,Under Construction,5,2,1,Mumbai
Kurla,3,105.42,864.0,Unfurnished,South,Ready to Move,14,2,3,Mumbai
Kalyan,3,57.28,891.0,Semi-Furnished,South,Under Construction,18,2,2,Mumbai
Nerul,3,89.79,1250.0,Unfurnished,North,Under Construction,20,1,1,Mumbai
Chembur,1,72.77,720.0,Semi-Furnished,East,Under Construction,27,2,2,Mumbai
Mira Road,3,63.82,1142.0,Semi-Furnished,North,Ready to Move,15,1,3,Mumbai
Vasai,1,11.76,735.0,Furnished,South,Ready to Move,3,1,3,Mumbai
Navi Mumbai,3,71.8,1025.0,Unfurnished,North,Under Construction,17,0,3,Mumbai
Malad East,3,110.21,992.0,Furnished,East,Under Construction,24,2,1,Mumbai
Kandivali West,5,252.92,1341.0,Furnished,North,Under Construction,24,2,1,Mumbai
Goregaon East,2,123.84,1086.0,Furnished,East,Ready to Move,19,1,3,Mumbai
Nalasopara,3,54.6,1400.0,Unfurnished,North,Ready to Move,29,1,3,Mumbai
Ghatkopar West,1,38.38,738.0,Semi-Furnished,North,Under Construction,11,0,2,Mumbai
Mulund East,3,78.7,1499.0,Unfurnished,North,Under Construction,8,0,3,Mumbai
Andheri East,4,328.16,1741.0,Furnished,West,Ready to Move,25,2,2,Mumbai
Borivali East,3,118.95,1255.0,Semi-Furnished,East,Ready to Move,5,0,3,Mumbai
Chembur,3,222.32,1303.0,Furnished,North,Under Construction,18,1,3,Mumbai
Goregaon West,1,45.64,719.0,Furnished,South,Ready to Move,18,0,2,Mumbai
Thane West,3,66.13,1034.0,Semi-Furnished,East,Ready to Move,22,0,1,Mumbai
Andheri East,3,208.63,973.0,Semi-Furnished,South,Ready to Move,13,1,3,Mumbai
Dadar,5,552.95,1156.0,Semi-Furnished,South,Under Construction,17,0,3,Mumbai
Kurla,3,136.03,1423.0,Furnished,West,Ready to Move,22,1,2,Mumbai
Airoli,1,31.77,567.0,Semi-Furnished,East,Ready to Move,25,1,2,Mumbai
Chembur,2,87.42,759.0,Furnished,North,Ready to Move,8,0,3,Mumbai
Nerul,2,61.16,960.0,Semi-Furnished,West,Under Construction,11,1,3,Mumbai
Vashi,3,180.52,1347.0,Furnished,East,Under Construction,1,1,2,Mumbai
Airoli,4,99.97,1297.0,Semi-Furnished,South,Ready to Move,24,1,3,Mumbai
Borivali East,3,124.31,1349.0,Semi-Furnished,South,Under Construction,12,1,2,Mumbai
Goregaon East,5,296.09,1566.0,Unfurnished,East,Ready to Move,18,0,2,Mumbai
Vashi,4,246.22,1470.0,Furnished,West,Under Construction,2,1,2,Mumbai
Ghatkopar West,3,197.37,1024.0,Unfurnished,East,Under Construction,28,1,1,Mumbai
Kandivali West,1,39.8,693.0,Semi-Furnished,South,Under Construction,2,2,2,Mumbai
Kandivali West,3,84.2,1324.0,Furnished,West,Under Construction,1,2,2,Mumbai
Panvel,2,65.41,853.0,Unfurnished,South,Under Construction,20,1,1,Mumbai
Chembur,1,59.79,856.0,Unfurnished,South,Under Construction,23,0,3,Mumbai
Vashi,3,145.64,1193.0,Semi-Furnished,East,Ready to Move,11,2,2,Mumbai
Kurla,2,88.01,900.0,Semi-Furnished,South,Ready to Move,11,2,3,Mumbai
Malad East,5,153.76,1793.0,Semi-Furnished,South,Under Construction,10,1,2,Mumbai
Andheri West,3,229.81,1099.0,Furnished,West,Under Construction,7,2,3,Mumbai
Worli,4,772.61,1681.0,Furnished,East,Under Construction,21,2,3,Mumbai
Dahisar,2,60.41,919.0,Semi-Furnished,South,Under Construction,11,2,1,Mumbai
Borivali East,2,78.79,822.0,Furnished,South,Ready to Move,19,0,2,Mumbai
Vasai,1,18.63,825.0,Furnished,East,Ready to Move,2,1,3,Mumbai
Thane East,4,117.0,1124.0,Furnished,South,Ready to Move,25,0,2,Mumbai
Vashi,1,33.29,817.0,Furnished,South,Ready to Move,25,2,3,Mumbai
Malad East,1,51.35,702.0,Unfurnished,North,Ready to Move,25,0,1,Mumbai
Airoli,4,138.73,1139.0,Furnished,North,Ready to Move,6,2,2,Mumbai
Malad West,1,48.64,761.0,Furnished,North,Under Construction,9,1,3,Mumbai
Vikhroli,2,62.4,1141.0,Semi-Furnished,South,Under Construction,21,1,3,Mumbai
Mulund East,2,67.25,1068.0,Furnished,North,Under Construction,10,1,2,Mumbai
Andheri West,3,219.42,1239.0,Furnished,South,Under Construction,23,0,2,Mumbai
Dombivli,1,19.39,667.0,Furnished,East,Ready to Move,5,2,1,Mumbai
Lower Parel,3,352.62,914.0,Furnished,West,Ready to Move,14,2,3,Mumbai
Ghatkopar East,2,91.09,1094.0,Furnished,North,Ready to Move,10,0,3,Mumbai
Borivali West,3,76.45,858.0,Furnished,West,Ready to Move,1,1,2,Mumbai
Dadar,2,247.76,941.0,Semi-Furnished,West,Ready to Move,10,1,2,Mumbai
Andheri East,1,60.73,594.0,Furnished,East,Under Construction,16,1,3,Mumbai
Mulund West,2,79.92,1168.0,Furnished,West,Ready to Move,15,1,2,Mumbai
Goregaon West,2,88.84,993.0,Semi-Furnished,East,Under Construction,10,1,2,Mumbai
Chembur,4,184.93,1670.0,Unfurnished,South,Ready to Move,29,1,3,Mumbai
Parel,3,496.7,1358.0,Furnished,West,Ready to Move,29,2,1,Mumbai
Dahisar,3,59.29,1441.0,Unfurnished,North,Under Construction,10,0,3,Mumbai
Nerul,4,118.28,1462.0,Furnished,North,Ready to Move,13,2,3,Mumbai
Ghatkopar East,3,113.98,1035.0,Semi-Furnished,West,Under Construction,22,1,3,Mumbai
Vasai,4,40.59,1060.0,Unfurnished,West,Under Construction,15,2,3,Mumbai
Thane West,2,72.56,930.0,Unfurnished,East,Under Construction,20,2,2,Mumbai
Ghatkopar West,5,173.08,1911.0,Semi-Furnished,West,Ready to Move,29,2,3,Mumbai
Kandivali East,2,58.7,726.0,Furnished,South,Ready to Move,14,2,1,Mumbai
Chembur,2,69.99,729.0,Unfurnished,East,Ready to Move,14,2,3,Mumbai
Kandivali East,2,95.01,1008.0,Unfurnished,West,Under Construction,16,2,3,Mumbai
Kharghar,2,65.67,1028.0,Furnished,East,Under Construction,26,1,2,Mumbai
Powai,3,242.66,934.0,Unfurnished,East,Ready to Move,13,1,3,Mumbai
Andheri East,5,370.12,1440.0,Furnished,East,Under Construction,29,2,1,Mumbai
Thane West,3,77.47,999.0,Unfurnished,North,Under Construction,16,1,1,Mumbai
Ghatkopar East,3,88.2,1154.0,Semi-Furnished,South,Ready to Move,21,0,2,Mumbai
Dombivli,1,17.37,594.0,Semi-Furnished,West,Ready to Move,13,1,3,Mumbai
Virar,3,60.97,1040.0,Furnished,North,Under Construction,25,1,1,Mumbai
Navi Mumbai,1,37.8,802.0,Furnished,West,Ready to Move,2,0,3,Mumbai
Dadar,3,222.49,870.0,Furnished,North,Ready to Move,22,2,3,Mumbai
Thane East,4,121.21,1565.0,Unfurnished,North,Ready to Move,27,0,2,Mumbai
Goregaon West,1,47.85,792.0,Furnished,North,Ready to Move,15,0,3,Mumbai
Chembur,2,85.39,708.0,Furnished,North,Under Construction,2,2,2,Mumbai
Panvel,4,140.84,1059.0,Furnished,West,Under Construction,1,1,2,Mumbai
Malad West,3,125.59,900.0,Semi-Furnished,South,Ready to Move,24,2,1,Mumbai
Malad East,2,84.32,993.0,Unfurnished,South,Under Construction,18,1,3,Mumbai
Vasai,2,27.98,995.0,Unfurnished,South,Ready to Move,18,1,1,Mumbai
Ulhasnagar,2,34.84,1098.0,Furnished,East,Ready to Move,8,0,3,Mumbai
Ulhasnagar,2,27.61,945.0,Semi-Furnished,South,Ready to Move,2,1,1,Mumbai
Parel,5,596.96,1164.0,Unfurnished,South,Under Construction,14,0,2,Mumbai
Kandivali East,1,28.78,874.0,Unfurnished,East,Under Construction,28,2,3,Mumbai
Vikhroli,2,79.23,791.0,Unfurnished,South,Ready to Move,17,1,1,Mumbai
Nalasopara,3,32.47,1114.0,Furnished,South,Under Construction,28,2,3,Mumbai
Vashi,3,118.39,906.0,Furnished,South,Under Construction,28,0,1,Mumbai
Ghatkopar West,5,268.5,1944.0,Semi-Furnished,North,Under Construction,7,0,3,Mumbai
Vikhroli,3,129.05,1020.0,Unfurnished,North,Under Construction,9,1,2,Mumbai
Nalasopara,2,40.2,904.0,Unfurnished,East,Under Construction,5,2,1,Mumbai
Nalasopara,5,85.25,1258.0,Furnished,East,Under Construction,12,1,2,Mumbai
Parel,1,79.26,647.0,Semi-Furnished,West,Ready to Move,18,2,2,Mumbai
Parel,3,423.43,955.0,Semi-Furnished,West,Ready to Move,25,0,1,Mumbai
Ghatkopar West,3,178.35,1353.0,Unfurnished,East,Ready to Move,20,1,1,Mumbai
Ulhasnagar,3,56.08,1179.0,Furnished,East,Under Construction,20,2,1,Mumbai
Lower Parel,2,373.65,835.0,Semi-Furnished,North,Ready to Move,15,1,3,Mumbai
Malad West,2,106.86,735.0,Semi-Furnished,South,Ready to Move,23,2,1,Mumbai
Ghatkopar East,2,114.76,929.0,Semi-Furnished,South,Ready to Move,13,2,3,Mumbai
Navi Mumbai,2,92.48,748.0,Semi-Furnished,East,Under Construction,14,1,3,Mumbai
Mira Road,5,118.96,2082.0,Furnished,East,Ready to Move,29,1,1,Mumbai
Ghatkopar West,2,107.41,890.0,Furnished,West,Under Construction,8,2,2,Mumbai
Dadar,1,105.44,612.0,Unfurnished,North,Ready to Move,4,0,3,Mumbai
Mulund West,3,113.42,1327.0,Unfurnished,West,Ready to Move,10,1,1,Mumbai
Navi Mumbai,2,57.69,903.0,Unfurnished,South,Under Construction,7,1,1,Mumbai
Nerul,3,151.45,1358.0,Unfurnished,North,Ready to Move,25,0,3,Mumbai
Kandivali West,4,226.65,1351.0,Furnished,West,Under Construction,28,0,1,Mumbai
Bandra East,1,133.43,698.0,Furnished,East,Ready to Move,28,1,1,Mumbai
